path,mse,source,completeness,title
~/Documents/My Projects/Things to Do/FINAL-PAPER-CNIR/05_datasets/tzigara/images/1-21.jpg,0.6266961097717285,tzigara,0.0,
~/Documents/My Projects/Things to Do/FINAL-PAPER-CNIR/05_datasets/tzigara/images/13-12.jpg,1.0572184324264526,tzigara,0.0,
~/Documents/My Projects/Things to Do/FINAL-PAPER-CNIR/05_datasets/tzigara/images/8-100.jpg,0.7531107068061829,tzigara,0.0,
~/Documents/My Projects/Things to Do/FINAL-PAPER-CNIR/05_datasets/tzigara/images/16-54.jpg,0.6454330682754517,tzigara,0.0,
~/Documents/My Projects/Things to Do/FINAL-PAPER-CNIR/05_datasets/tzigara/images/18-38.jpg,0.604692816734314,tzigara,0.0,
~/Documents/My Projects/Things to Do/FINAL-PAPER-CNIR/05_datasets/tzigara/images/15-58.jpg,0.7633330821990967,tzigara,0.0,
~/Documents/My Projects/Things to Do/FINAL-PAPER-CNIR/05_datasets/tzigara/images/14-61.jpg,1.3453943729400637,tzigara,0.0,
~/Documents/My Projects/Things to Do/FINAL-PAPER-CNIR/05_datasets/tzigara/images/15-101.jpg,0.7510956525802612,tzigara,0.0,
~/Documents/My Projects/Things to Do/FINAL-PAPER-CNIR/05_datasets/tzigara/images/15-26.jpg,0.416556566953659,tzigara,0.0,
~/Documents/My Projects/Things to Do/FINAL-PAPER-CNIR/05_datasets/tzigara/images/8-72.jpg,1.2272834777832031,tzigara,0.5,"Casa meşterului Antonie Mogoş(Imagine exterioară – vedere de ansamblu), desen"
~/Documents/My Projects/Things to Do/FINAL-PAPER-CNIR/05_datasets/tzigara/images/8-116.jpg,1.496878743171692,tzigara,0.0,
~/Documents/My Projects/Things to Do/FINAL-PAPER-CNIR/05_datasets/tzigara/images/14-73.jpg,0.8066299557685852,tzigara,0.0,
~/Documents/My Projects/Things to Do/FINAL-PAPER-CNIR/05_datasets/tzigara/images/9-92.jpg,1.150112867355347,tzigara,0.0,
~/Documents/My Projects/Things to Do/FINAL-PAPER-CNIR/05_datasets/tzigara/images/16-67.jpg,0.4855273365974426,tzigara,0.0,
~/Documents/My Projects/Things to Do/FINAL-PAPER-CNIR/05_datasets/tzigara/images/14-64.jpg,1.0097813606262207,tzigara,0.0,
~/Documents/My Projects/Things to Do/FINAL-PAPER-CNIR/05_datasets/tzigara/images/19-82.jpg,0.2708246409893036,tzigara,0.0,
~/Documents/My Projects/Things to Do/FINAL-PAPER-CNIR/05_datasets/tzigara/images/16-14.jpg,0.8200761675834656,tzigara,0.0,
~/Documents/My Projects/Things to Do/FINAL-PAPER-CNIR/05_datasets/tzigara/images/14-26.jpg,0.8341343998908997,tzigara,0.0,
~/Documents/My Projects/Things to Do/FINAL-PAPER-CNIR/05_datasets/tzigara/images/14-9.jpg,1.1911965608596802,tzigara,0.0,
~/Documents/My Projects/Things to Do/FINAL-PAPER-CNIR/05_datasets/tzigara/images/1-1.jpg,0.5497115850448608,tzigara,0.0,
~/Documents/My Projects/Things to Do/FINAL-PAPER-CNIR/05_datasets/tzigara/images/14-34.jpg,0.8550301790237427,tzigara,0.0,
~/Documents/My Projects/Things to Do/FINAL-PAPER-CNIR/05_datasets/tzigara/images/13-72.jpg,1.0442876815795898,tzigara,0.0,
~/Documents/My Projects/Things to Do/FINAL-PAPER-CNIR/05_datasets/tzigara/images/8-113.jpg,0.8855910301208496,tzigara,0.0,
~/Documents/My Projects/Things to Do/FINAL-PAPER-CNIR/05_datasets/tzigara/images/9-16.jpg,1.3220808506011963,tzigara,0.0,
~/Documents/My Projects/Things to Do/FINAL-PAPER-CNIR/05_datasets/tzigara/images/8-91.jpg,0.9120104312896729,tzigara,0.0,
~/Documents/My Projects/Things to Do/FINAL-PAPER-CNIR/05_datasets/tzigara/images/14-44.jpg,1.1265027523040771,tzigara,0.0,
~/Documents/My Projects/Things to Do/FINAL-PAPER-CNIR/05_datasets/tzigara/images/13-30.jpg,0.8976476788520813,tzigara,0.0,
~/Documents/My Projects/Things to Do/FINAL-PAPER-CNIR/05_datasets/tzigara/images/18-89.jpg,0.7663009166717529,tzigara,0.0,
~/Documents/My Projects/Things to Do/FINAL-PAPER-CNIR/05_datasets/tzigara/images/1-10.jpg,1.1025182008743286,tzigara,0.0,
~/Documents/My Projects/Things to Do/FINAL-PAPER-CNIR/05_datasets/tzigara/images/15-81.jpg,0.4628876149654388,tzigara,0.0,
~/Documents/My Projects/Things to Do/FINAL-PAPER-CNIR/05_datasets/tzigara/images/13-34.jpg,0.7617790699005127,tzigara,0.0,
~/Documents/My Projects/Things to Do/FINAL-PAPER-CNIR/05_datasets/tzigara/images/8-65.jpg,0.4516789317131042,tzigara,0.0,
~/Documents/My Projects/Things to Do/FINAL-PAPER-CNIR/05_datasets/tzigara/images/15-73.jpg,0.5046024322509766,tzigara,0.0,
~/Documents/My Projects/Things to Do/FINAL-PAPER-CNIR/05_datasets/tzigara/images/16-48.jpg,0.4943243563175201,tzigara,0.0,
~/Documents/My Projects/Things to Do/FINAL-PAPER-CNIR/05_datasets/tzigara/images/13-49.jpg,0.8568857312202454,tzigara,0.0,
~/Documents/My Projects/Things to Do/FINAL-PAPER-CNIR/05_datasets/tzigara/images/16-34.jpg,1.2071354389190674,tzigara,0.0,
~/Documents/My Projects/Things to Do/FINAL-PAPER-CNIR/05_datasets/tzigara/images/16-93.jpg,0.4483173787593841,tzigara,0.0,
~/Documents/My Projects/Things to Do/FINAL-PAPER-CNIR/05_datasets/tzigara/images/13-17.jpg,0.639504075050354,tzigara,0.0,
~/Documents/My Projects/Things to Do/FINAL-PAPER-CNIR/05_datasets/tzigara/images/15-77.jpg,1.1022224426269531,tzigara,0.0,
~/Documents/My Projects/Things to Do/FINAL-PAPER-CNIR/05_datasets/tzigara/images/1-34.jpg,0.5744131207466125,tzigara,0.0,
~/Documents/My Projects/Things to Do/FINAL-PAPER-CNIR/05_datasets/tzigara/images/1-6.jpg,0.5499320030212402,tzigara,0.0,
~/Documents/My Projects/Things to Do/FINAL-PAPER-CNIR/05_datasets/tzigara/images/16-10.jpg,0.7140479683876038,tzigara,0.0,
~/Documents/My Projects/Things to Do/FINAL-PAPER-CNIR/05_datasets/tzigara/images/17-58.jpg,0.9614262580871582,tzigara,0.0,
~/Documents/My Projects/Things to Do/FINAL-PAPER-CNIR/05_datasets/tzigara/images/18-48.jpg,0.8464734554290771,tzigara,0.0,
~/Documents/My Projects/Things to Do/FINAL-PAPER-CNIR/05_datasets/tzigara/images/14-51.jpg,0.5021074414253235,tzigara,0.0,
~/Documents/My Projects/Things to Do/FINAL-PAPER-CNIR/05_datasets/tzigara/images/1-12.jpg,0.9889448285102844,tzigara,0.0,
~/Documents/My Projects/Things to Do/FINAL-PAPER-CNIR/05_datasets/tzigara/images/13-27.jpg,0.7888436913490295,tzigara,0.0,
~/Documents/My Projects/Things to Do/FINAL-PAPER-CNIR/05_datasets/tzigara/images/14-91.jpg,0.921071231365204,tzigara,0.0,
~/Documents/My Projects/Things to Do/FINAL-PAPER-CNIR/05_datasets/tzigara/images/14-85.jpg,1.081606149673462,tzigara,0.0,
~/Documents/My Projects/Things to Do/FINAL-PAPER-CNIR/05_datasets/tzigara/images/16-15.jpg,0.4456780850887298,tzigara,0.0,
~/Documents/My Projects/Things to Do/FINAL-PAPER-CNIR/05_datasets/tzigara/images/18-71.jpg,0.6385418772697449,tzigara,0.0,
~/Documents/My Projects/Things to Do/FINAL-PAPER-CNIR/05_datasets/tzigara/images/15-72.jpg,0.7173047661781311,tzigara,0.0,
~/Documents/My Projects/Things to Do/FINAL-PAPER-CNIR/05_datasets/tzigara/images/9-96.jpg,0.6196339130401611,tzigara,0.0,
~/Documents/My Projects/Things to Do/FINAL-PAPER-CNIR/05_datasets/tzigara/images/13-61.jpg,1.0576993227005005,tzigara,0.0,
~/Documents/My Projects/Things to Do/FINAL-PAPER-CNIR/05_datasets/tzigara/images/8-97.jpg,0.4357045292854309,tzigara,0.0,
~/Documents/My Projects/Things to Do/FINAL-PAPER-CNIR/05_datasets/tzigara/images/14-20.jpg,0.6432279348373413,tzigara,0.0,
~/Documents/My Projects/Things to Do/FINAL-PAPER-CNIR/05_datasets/tzigara/images/12-41.jpg,0.7304392457008362,tzigara,0.0,
~/Documents/My Projects/Things to Do/FINAL-PAPER-CNIR/05_datasets/tzigara/images/14-11.jpg,0.6557955741882324,tzigara,0.0,
~/Documents/My Projects/Things to Do/FINAL-PAPER-CNIR/05_datasets/tzigara/images/17-2.jpg,0.7207939624786377,tzigara,0.0,
~/Documents/My Projects/Things to Do/FINAL-PAPER-CNIR/05_datasets/tzigara/images/16-13.jpg,0.8876747488975525,tzigara,0.0,
~/Documents/My Projects/Things to Do/FINAL-PAPER-CNIR/05_datasets/tzigara/images/17-57.jpg,0.4236114919185638,tzigara,0.0,
~/Documents/My Projects/Things to Do/FINAL-PAPER-CNIR/05_datasets/tzigara/images/12-59.jpg,0.3224085569381714,tzigara,0.0,
~/Documents/My Projects/Things to Do/FINAL-PAPER-CNIR/05_datasets/tzigara/images/15-85.jpg,0.3341269493103027,tzigara,0.0,
~/Documents/My Projects/Things to Do/FINAL-PAPER-CNIR/05_datasets/tzigara/images/8-95.jpg,1.1077178716659546,tzigara,0.0,
~/Documents/My Projects/Things to Do/FINAL-PAPER-CNIR/05_datasets/tzigara/images/13-33.jpg,1.0107241868972778,tzigara,0.0,
~/Documents/My Projects/Things to Do/FINAL-PAPER-CNIR/05_datasets/tzigara/images/1-17.jpg,0.921966314315796,tzigara,0.0,
~/Documents/My Projects/Things to Do/FINAL-PAPER-CNIR/05_datasets/tzigara/images/15-8.jpg,0.7506620287895203,tzigara,0.0,
~/Documents/My Projects/Things to Do/FINAL-PAPER-CNIR/05_datasets/tzigara/images/12-17.jpg,0.6548300981521606,tzigara,0.0,
~/Documents/My Projects/Things to Do/FINAL-PAPER-CNIR/05_datasets/tzigara/images/12-22.jpg,0.8021175861358643,tzigara,0.0,
~/Documents/My Projects/Things to Do/FINAL-PAPER-CNIR/05_datasets/tzigara/images/9-35.jpg,0.4801469147205353,tzigara,0.0,
~/Documents/My Projects/Things to Do/FINAL-PAPER-CNIR/05_datasets/tzigara/images/12-52.jpg,0.5282738208770752,tzigara,0.0,
~/Documents/My Projects/Things to Do/FINAL-PAPER-CNIR/05_datasets/tzigara/images/15-87.jpg,0.699449896812439,tzigara,0.0,
~/Documents/My Projects/Things to Do/FINAL-PAPER-CNIR/05_datasets/tzigara/images/14-89.jpg,1.1805351972579956,tzigara,0.0,
~/Documents/My Projects/Things to Do/FINAL-PAPER-CNIR/05_datasets/tzigara/images/1-39.jpg,0.7926297187805176,tzigara,0.0,
~/Documents/My Projects/Things to Do/FINAL-PAPER-CNIR/05_datasets/tzigara/images/13-7.jpg,0.5428261160850525,tzigara,0.0,
~/Documents/My Projects/Things to Do/FINAL-PAPER-CNIR/05_datasets/tzigara/images/18-54.jpg,1.0606675148010254,tzigara,0.0,
~/Documents/My Projects/Things to Do/FINAL-PAPER-CNIR/05_datasets/tzigara/images/13-86.jpg,0.8273482918739319,tzigara,0.5,"Biserica „Intrarea în Biserică” a Mănăstirii Lainici(Imagine exterioară – vedere dinspre sud), fotografie"
~/Documents/My Projects/Things to Do/FINAL-PAPER-CNIR/05_datasets/tzigara/images/16-79.jpg,1.033355474472046,tzigara,0.0,
~/Documents/My Projects/Things to Do/FINAL-PAPER-CNIR/05_datasets/tzigara/images/18-39.jpg,0.8436954617500305,tzigara,0.0,
~/Documents/My Projects/Things to Do/FINAL-PAPER-CNIR/05_datasets/tzigara/images/15-57.jpg,0.5493301153182983,tzigara,0.0,
~/Documents/My Projects/Things to Do/FINAL-PAPER-CNIR/05_datasets/tzigara/images/14-60.jpg,0.7390676140785217,tzigara,0.0,
~/Documents/My Projects/Things to Do/FINAL-PAPER-CNIR/05_datasets/tzigara/images/13-18.jpg,0.6753456592559814,tzigara,0.0,
~/Documents/My Projects/Things to Do/FINAL-PAPER-CNIR/05_datasets/tzigara/images/17-66.jpg,0.8162854909896851,tzigara,0.0,
~/Documents/My Projects/Things to Do/FINAL-PAPER-CNIR/05_datasets/tzigara/images/18-81.jpg,0.6365211009979248,tzigara,0.0,
~/Documents/My Projects/Things to Do/FINAL-PAPER-CNIR/05_datasets/tzigara/images/1-46.jpg,0.7368012070655823,tzigara,0.0,
~/Documents/My Projects/Things to Do/FINAL-PAPER-CNIR/05_datasets/tzigara/images/14-84.jpg,0.5768976807594299,tzigara,0.0,
~/Documents/My Projects/Things to Do/FINAL-PAPER-CNIR/05_datasets/tzigara/images/12-24.jpg,0.6126766800880432,tzigara,0.0,
~/Documents/My Projects/Things to Do/FINAL-PAPER-CNIR/05_datasets/tzigara/images/16-73.jpg,0.6650694608688354,tzigara,0.0,
~/Documents/My Projects/Things to Do/FINAL-PAPER-CNIR/05_datasets/tzigara/images/19-4.jpg,0.783820390701294,tzigara,0.0,
~/Documents/My Projects/Things to Do/FINAL-PAPER-CNIR/05_datasets/tzigara/images/17-26.jpg,0.8384513258934021,tzigara,0.0,
~/Documents/My Projects/Things to Do/FINAL-PAPER-CNIR/05_datasets/tzigara/images/1-28.jpg,0.4406638443470001,tzigara,0.0,
~/Documents/My Projects/Things to Do/FINAL-PAPER-CNIR/05_datasets/tzigara/images/1-49.jpg,0.4257605969905853,tzigara,0.5,"Biserica de lemn „Cuvioasa Paraschiva” din Ciuperceni(Imagine exterioară – vedere de ansamblu dinspre vest), fotografie"
~/Documents/My Projects/Things to Do/FINAL-PAPER-CNIR/05_datasets/tzigara/images/9-51.jpg,0.3958840370178222,tzigara,0.0,
~/Documents/My Projects/Things to Do/FINAL-PAPER-CNIR/05_datasets/tzigara/images/12-32.jpg,0.6399784684181213,tzigara,0.0,
~/Documents/My Projects/Things to Do/FINAL-PAPER-CNIR/05_datasets/tzigara/images/1-14.jpg,0.868241548538208,tzigara,0.0,
~/Documents/My Projects/Things to Do/FINAL-PAPER-CNIR/05_datasets/tzigara/images/18-56.jpg,0.9821363091468812,tzigara,0.5,"Cula din Groşerea(Imagine exterioară), fotografie"
~/Documents/My Projects/Things to Do/FINAL-PAPER-CNIR/05_datasets/tzigara/images/12-26.jpg,1.0476644039154053,tzigara,0.0,
~/Documents/My Projects/Things to Do/FINAL-PAPER-CNIR/05_datasets/tzigara/images/19-43.jpg,0.9034588932991028,tzigara,0.0,
~/Documents/My Projects/Things to Do/FINAL-PAPER-CNIR/05_datasets/tzigara/images/17-30.jpg,0.8241945505142212,tzigara,0.0,
~/Documents/My Projects/Things to Do/FINAL-PAPER-CNIR/05_datasets/tzigara/images/14-55.jpg,0.827186644077301,tzigara,0.0,
~/Documents/My Projects/Things to Do/FINAL-PAPER-CNIR/05_datasets/tzigara/images/9-5.jpg,0.955848515033722,tzigara,0.0,
~/Documents/My Projects/Things to Do/FINAL-PAPER-CNIR/05_datasets/tzigara/images/1-70.jpg,0.4811405837535858,tzigara,0.5,"Poartă ţărănească(Imagine din afara gospodăriei – vedere frontală), fotografie"
~/Documents/My Projects/Things to Do/FINAL-PAPER-CNIR/05_datasets/tzigara/images/16-83.jpg,0.5076003670692444,tzigara,0.0,
~/Documents/My Projects/Things to Do/FINAL-PAPER-CNIR/05_datasets/tzigara/images/9-15.jpg,0.9813576936721802,tzigara,0.0,
~/Documents/My Projects/Things to Do/FINAL-PAPER-CNIR/05_datasets/tzigara/images/12-13.jpg,0.6896236538887024,tzigara,0.0,
~/Documents/My Projects/Things to Do/FINAL-PAPER-CNIR/05_datasets/tzigara/images/13-26.jpg,1.1758019924163818,tzigara,0.0,
~/Documents/My Projects/Things to Do/FINAL-PAPER-CNIR/05_datasets/tzigara/images/9-19.jpg,1.0691745281219482,tzigara,0.0,
~/Documents/My Projects/Things to Do/FINAL-PAPER-CNIR/05_datasets/tzigara/images/18-37.jpg,0.9140951633453368,tzigara,0.0,
~/Documents/My Projects/Things to Do/FINAL-PAPER-CNIR/05_datasets/tzigara/images/14-39.jpg,0.944472312927246,tzigara,0.0,
~/Documents/My Projects/Things to Do/FINAL-PAPER-CNIR/05_datasets/tzigara/images/17-19.jpg,0.5117582082748413,tzigara,0.0,
~/Documents/My Projects/Things to Do/FINAL-PAPER-CNIR/05_datasets/tzigara/images/18-50.jpg,0.7921448349952698,tzigara,0.0,
~/Documents/My Projects/Things to Do/FINAL-PAPER-CNIR/05_datasets/tzigara/images/14-92.jpg,1.1874827146530151,tzigara,0.0,
~/Documents/My Projects/Things to Do/FINAL-PAPER-CNIR/05_datasets/tzigara/images/9-25.jpg,1.5986653566360474,tzigara,0.0,
~/Documents/My Projects/Things to Do/FINAL-PAPER-CNIR/05_datasets/tzigara/images/15-55.jpg,0.9570507407188416,tzigara,0.0,
~/Documents/My Projects/Things to Do/FINAL-PAPER-CNIR/05_datasets/tzigara/images/16-69.jpg,0.8670522570610046,tzigara,0.0,
~/Documents/My Projects/Things to Do/FINAL-PAPER-CNIR/05_datasets/tzigara/images/16-51.jpg,0.7172943949699402,tzigara,0.0,
~/Documents/My Projects/Things to Do/FINAL-PAPER-CNIR/05_datasets/tzigara/images/16-17.jpg,0.7061885595321655,tzigara,0.0,
~/Documents/My Projects/Things to Do/FINAL-PAPER-CNIR/05_datasets/tzigara/images/17-16.jpg,0.4109825491905212,tzigara,0.0,
~/Documents/My Projects/Things to Do/FINAL-PAPER-CNIR/05_datasets/tzigara/images/16-90.jpg,0.5417500734329224,tzigara,0.0,
~/Documents/My Projects/Things to Do/FINAL-PAPER-CNIR/05_datasets/tzigara/images/15-61.jpg,0.8031883835792542,tzigara,0.0,
~/Documents/My Projects/Things to Do/FINAL-PAPER-CNIR/05_datasets/tzigara/images/15-70.jpg,0.648573100566864,tzigara,0.0,
~/Documents/My Projects/Things to Do/FINAL-PAPER-CNIR/05_datasets/tzigara/images/16-81.jpg,0.5733145475387573,tzigara,0.0,
~/Documents/My Projects/Things to Do/FINAL-PAPER-CNIR/05_datasets/tzigara/images/16-26.jpg,0.432684063911438,tzigara,0.0,
~/Documents/My Projects/Things to Do/FINAL-PAPER-CNIR/05_datasets/tzigara/images/14-22.jpg,0.5538636445999146,tzigara,0.0,
~/Documents/My Projects/Things to Do/FINAL-PAPER-CNIR/05_datasets/tzigara/images/17-32.jpg,0.7953004240989685,tzigara,0.0,
~/Documents/My Projects/Things to Do/FINAL-PAPER-CNIR/05_datasets/tzigara/images/15-3.jpg,0.6198031902313232,tzigara,0.0,
~/Documents/My Projects/Things to Do/FINAL-PAPER-CNIR/05_datasets/tzigara/images/12-49.jpg,0.7706547975540161,tzigara,0.0,
~/Documents/My Projects/Things to Do/FINAL-PAPER-CNIR/05_datasets/tzigara/images/12-23.jpg,0.6992039680480957,tzigara,0.0,
~/Documents/My Projects/Things to Do/FINAL-PAPER-CNIR/05_datasets/tzigara/images/8-70.jpg,0.8757435083389282,tzigara,0.0,
~/Documents/My Projects/Things to Do/FINAL-PAPER-CNIR/05_datasets/tzigara/images/12-55.jpg,0.6476691961288452,tzigara,0.0,
~/Documents/My Projects/Things to Do/FINAL-PAPER-CNIR/05_datasets/tzigara/images/15-64.jpg,0.2701627314090729,tzigara,0.0,
~/Documents/My Projects/Things to Do/FINAL-PAPER-CNIR/05_datasets/tzigara/images/17-29.jpg,0.6251672506332397,tzigara,0.0,
~/Documents/My Projects/Things to Do/FINAL-PAPER-CNIR/05_datasets/tzigara/images/14-58.jpg,1.0124561786651611,tzigara,0.0,
~/Documents/My Projects/Things to Do/FINAL-PAPER-CNIR/05_datasets/tzigara/images/1-67.jpg,1.0936627388000488,tzigara,0.0,
~/Documents/My Projects/Things to Do/FINAL-PAPER-CNIR/05_datasets/tzigara/images/18-59.jpg,0.5772653818130493,tzigara,0.0,
~/Documents/My Projects/Things to Do/FINAL-PAPER-CNIR/05_datasets/tzigara/images/14-16.jpg,0.9380033016204834,tzigara,0.0,
~/Documents/My Projects/Things to Do/FINAL-PAPER-CNIR/05_datasets/tzigara/images/18-69.jpg,0.7866472601890564,tzigara,0.0,
~/Documents/My Projects/Things to Do/FINAL-PAPER-CNIR/05_datasets/tzigara/images/17-22.jpg,0.5511900186538696,tzigara,0.0,
~/Documents/My Projects/Things to Do/FINAL-PAPER-CNIR/05_datasets/tzigara/images/15-36.jpg,0.3339460790157318,tzigara,0.0,
~/Documents/My Projects/Things to Do/FINAL-PAPER-CNIR/05_datasets/tzigara/images/15-78.jpg,0.6738491058349609,tzigara,0.0,
~/Documents/My Projects/Things to Do/FINAL-PAPER-CNIR/05_datasets/tzigara/images/16-64.jpg,0.5305628180503845,tzigara,0.0,
~/Documents/My Projects/Things to Do/FINAL-PAPER-CNIR/05_datasets/tzigara/images/17-40.jpg,0.8752396702766418,tzigara,0.0,
~/Documents/My Projects/Things to Do/FINAL-PAPER-CNIR/05_datasets/tzigara/images/15-40.jpg,0.3509968221187591,tzigara,0.0,
~/Documents/My Projects/Things to Do/FINAL-PAPER-CNIR/05_datasets/tzigara/images/12-83.jpg,0.96676903963089,tzigara,0.0,
~/Documents/My Projects/Things to Do/FINAL-PAPER-CNIR/05_datasets/tzigara/images/13-14.jpg,0.857007622718811,tzigara,0.0,
~/Documents/My Projects/Things to Do/FINAL-PAPER-CNIR/05_datasets/tzigara/images/16-32.jpg,0.6926906108856201,tzigara,0.0,
~/Documents/My Projects/Things to Do/FINAL-PAPER-CNIR/05_datasets/tzigara/images/9-54.jpg,0.5571552515029907,tzigara,0.0,
~/Documents/My Projects/Things to Do/FINAL-PAPER-CNIR/05_datasets/tzigara/images/18-68.jpg,1.1718238592147827,tzigara,0.5,"Casa meşterului Antonie Mogoş(În varianta reinstalată la Muzeul de Etnografie şi Artă Naţională (Bucureşti)), fotografie"
~/Documents/My Projects/Things to Do/FINAL-PAPER-CNIR/05_datasets/tzigara/images/9-23.jpg,1.172858953475952,tzigara,0.0,
~/Documents/My Projects/Things to Do/FINAL-PAPER-CNIR/05_datasets/tzigara/images/12-44.jpg,0.5791432857513428,tzigara,0.0,
~/Documents/My Projects/Things to Do/FINAL-PAPER-CNIR/05_datasets/tzigara/images/14-87.jpg,0.6863053441047668,tzigara,0.0,
~/Documents/My Projects/Things to Do/FINAL-PAPER-CNIR/05_datasets/tzigara/images/8-81.jpg,0.7872334122657776,tzigara,0.0,
~/Documents/My Projects/Things to Do/FINAL-PAPER-CNIR/05_datasets/tzigara/images/16-30.jpg,0.4886476695537567,tzigara,0.0,
~/Documents/My Projects/Things to Do/FINAL-PAPER-CNIR/05_datasets/tzigara/images/18-65.jpg,0.7273504137992859,tzigara,0.0,
~/Documents/My Projects/Things to Do/FINAL-PAPER-CNIR/05_datasets/tzigara/images/14-19.jpg,0.5849484801292419,tzigara,0.0,
~/Documents/My Projects/Things to Do/FINAL-PAPER-CNIR/05_datasets/tzigara/images/8-66.jpg,1.3349424600601196,tzigara,0.0,
~/Documents/My Projects/Things to Do/FINAL-PAPER-CNIR/05_datasets/tzigara/images/8-98.jpg,0.8434100151062012,tzigara,0.0,
~/Documents/My Projects/Things to Do/FINAL-PAPER-CNIR/05_datasets/tzigara/images/9-10.jpg,0.9484696984291076,tzigara,0.0,
~/Documents/My Projects/Things to Do/FINAL-PAPER-CNIR/05_datasets/tzigara/images/17-59.jpg,0.6411643028259277,tzigara,0.0,
~/Documents/My Projects/Things to Do/FINAL-PAPER-CNIR/05_datasets/tzigara/images/14-67.jpg,1.0991578102111816,tzigara,0.0,
~/Documents/My Projects/Things to Do/FINAL-PAPER-CNIR/05_datasets/tzigara/images/15-52.jpg,0.388018786907196,tzigara,0.0,
~/Documents/My Projects/Things to Do/FINAL-PAPER-CNIR/05_datasets/tzigara/images/16-98.jpg,0.8032100796699524,tzigara,0.0,
~/Documents/My Projects/Things to Do/FINAL-PAPER-CNIR/05_datasets/tzigara/images/13-56.jpg,1.0101521015167236,tzigara,0.0,
~/Documents/My Projects/Things to Do/FINAL-PAPER-CNIR/05_datasets/tzigara/images/1-8.jpg,0.3625940084457397,tzigara,0.0,
~/Documents/My Projects/Things to Do/FINAL-PAPER-CNIR/05_datasets/tzigara/images/16-8.jpg,0.671298623085022,tzigara,0.0,
~/Documents/My Projects/Things to Do/FINAL-PAPER-CNIR/05_datasets/tzigara/images/8-73.jpg,1.4381898641586304,tzigara,0.5,"Meşterul Antonie Mogoş(Portret), fotografie"
~/Documents/My Projects/Things to Do/FINAL-PAPER-CNIR/05_datasets/tzigara/images/13-71.jpg,1.0332521200180054,tzigara,0.0,
~/Documents/My Projects/Things to Do/FINAL-PAPER-CNIR/05_datasets/tzigara/images/13-83.jpg,1.0773259401321411,tzigara,0.5,"Biserica „Intrarea în Biserică” a Mănăstirii Lainici(Imagine exterioară – vedere de ansamblu dinspre sud-vest), fotografie"
~/Documents/My Projects/Things to Do/FINAL-PAPER-CNIR/05_datasets/tzigara/images/14-53.jpg,0.4665989279747009,tzigara,0.0,
~/Documents/My Projects/Things to Do/FINAL-PAPER-CNIR/05_datasets/tzigara/images/1-62.jpg,0.3635860383510589,tzigara,0.0,
~/Documents/My Projects/Things to Do/FINAL-PAPER-CNIR/05_datasets/tzigara/images/18-24.jpg,1.0013887882232666,tzigara,0.0,
~/Documents/My Projects/Things to Do/FINAL-PAPER-CNIR/05_datasets/tzigara/images/14-6.jpg,0.7529894709587097,tzigara,0.0,
~/Documents/My Projects/Things to Do/FINAL-PAPER-CNIR/05_datasets/tzigara/images/15-42.jpg,0.6916664838790894,tzigara,0.0,
~/Documents/My Projects/Things to Do/FINAL-PAPER-CNIR/05_datasets/tzigara/images/14-4.jpg,1.4891527891159058,tzigara,0.0,
~/Documents/My Projects/Things to Do/FINAL-PAPER-CNIR/05_datasets/tzigara/images/16-99.jpg,0.5162836909294128,tzigara,0.0,
~/Documents/My Projects/Things to Do/FINAL-PAPER-CNIR/05_datasets/tzigara/images/16-74.jpg,0.7217497825622559,tzigara,0.0,
~/Documents/My Projects/Things to Do/FINAL-PAPER-CNIR/05_datasets/tzigara/images/17-86.jpg,0.9040738940238952,tzigara,0.0,
~/Documents/My Projects/Things to Do/FINAL-PAPER-CNIR/05_datasets/tzigara/images/16-77.jpg,0.5446686744689941,tzigara,0.0,
~/Documents/My Projects/Things to Do/FINAL-PAPER-CNIR/05_datasets/tzigara/images/15-69.jpg,0.4685294032096863,tzigara,0.0,
~/Documents/My Projects/Things to Do/FINAL-PAPER-CNIR/05_datasets/tzigara/images/15-86.jpg,0.946720004081726,tzigara,0.0,
~/Documents/My Projects/Things to Do/FINAL-PAPER-CNIR/05_datasets/tzigara/images/16-87.jpg,0.453440397977829,tzigara,0.0,
~/Documents/My Projects/Things to Do/FINAL-PAPER-CNIR/05_datasets/tzigara/images/13-25.jpg,0.7596444487571716,tzigara,0.0,
~/Documents/My Projects/Things to Do/FINAL-PAPER-CNIR/05_datasets/tzigara/images/15-13.jpg,0.8040011525154114,tzigara,0.0,
~/Documents/My Projects/Things to Do/FINAL-PAPER-CNIR/05_datasets/tzigara/images/18-90.jpg,0.7301471829414368,tzigara,0.0,
~/Documents/My Projects/Things to Do/FINAL-PAPER-CNIR/05_datasets/tzigara/images/14-45.jpg,0.8813313245773315,tzigara,0.0,
~/Documents/My Projects/Things to Do/FINAL-PAPER-CNIR/05_datasets/tzigara/images/9-27.jpg,1.1894936561584473,tzigara,0.0,
~/Documents/My Projects/Things to Do/FINAL-PAPER-CNIR/05_datasets/tzigara/images/1-27.jpg,0.4554826915264129,tzigara,0.0,
~/Documents/My Projects/Things to Do/FINAL-PAPER-CNIR/05_datasets/tzigara/images/8-71.jpg,1.195384502410889,tzigara,0.0,
~/Documents/My Projects/Things to Do/FINAL-PAPER-CNIR/05_datasets/tzigara/images/14-74.jpg,1.4379502534866333,tzigara,0.0,
~/Documents/My Projects/Things to Do/FINAL-PAPER-CNIR/05_datasets/tzigara/images/14-52.jpg,0.8771799206733704,tzigara,0.0,
~/Documents/My Projects/Things to Do/FINAL-PAPER-CNIR/05_datasets/tzigara/images/15-88.jpg,0.361471563577652,tzigara,0.0,
~/Documents/My Projects/Things to Do/FINAL-PAPER-CNIR/05_datasets/tzigara/images/16-3.jpg,0.5344057679176331,tzigara,0.0,
~/Documents/My Projects/Things to Do/FINAL-PAPER-CNIR/05_datasets/tzigara/images/8-90.jpg,0.7176422476768494,tzigara,0.0,
~/Documents/My Projects/Things to Do/FINAL-PAPER-CNIR/05_datasets/tzigara/images/11-91.jpg,1.3973816633224487,tzigara,0.0,
~/Documents/My Projects/Things to Do/FINAL-PAPER-CNIR/05_datasets/tzigara/images/16-6.jpg,0.6284292936325073,tzigara,0.0,
~/Documents/My Projects/Things to Do/FINAL-PAPER-CNIR/05_datasets/tzigara/images/13-48.jpg,1.0680336952209473,tzigara,0.0,
~/Documents/My Projects/Things to Do/FINAL-PAPER-CNIR/05_datasets/tzigara/images/13-2.jpg,1.781486988067627,tzigara,0.0,
~/Documents/My Projects/Things to Do/FINAL-PAPER-CNIR/05_datasets/tzigara/images/15-32.jpg,0.3550759255886078,tzigara,0.0,
~/Documents/My Projects/Things to Do/FINAL-PAPER-CNIR/05_datasets/tzigara/images/8-78.jpg,0.677807629108429,tzigara,0.0,
~/Documents/My Projects/Things to Do/FINAL-PAPER-CNIR/05_datasets/tzigara/images/17-34.jpg,0.7896689772605896,tzigara,0.0,
~/Documents/My Projects/Things to Do/FINAL-PAPER-CNIR/05_datasets/tzigara/images/15-49.jpg,0.4359711110591888,tzigara,0.0,
~/Documents/My Projects/Things to Do/FINAL-PAPER-CNIR/05_datasets/tzigara/images/14-8.jpg,0.700233519077301,tzigara,0.0,
~/Documents/My Projects/Things to Do/FINAL-PAPER-CNIR/05_datasets/tzigara/images/13-36.jpg,0.7113059163093567,tzigara,0.0,
~/Documents/My Projects/Things to Do/FINAL-PAPER-CNIR/05_datasets/tzigara/images/16-45.jpg,0.4252726137638092,tzigara,0.0,
~/Documents/My Projects/Things to Do/FINAL-PAPER-CNIR/05_datasets/tzigara/images/13-51.jpg,0.7957009077072144,tzigara,0.0,
~/Documents/My Projects/Things to Do/FINAL-PAPER-CNIR/05_datasets/tzigara/images/16-23.jpg,1.0483025312423706,tzigara,0.0,
~/Documents/My Projects/Things to Do/FINAL-PAPER-CNIR/05_datasets/tzigara/images/15-71.jpg,0.693003237247467,tzigara,0.0,
~/Documents/My Projects/Things to Do/FINAL-PAPER-CNIR/05_datasets/tzigara/images/18-45.jpg,1.2869212627410889,tzigara,0.0,
~/Documents/My Projects/Things to Do/FINAL-PAPER-CNIR/05_datasets/tzigara/images/13-64.jpg,0.829190731048584,tzigara,0.0,
~/Documents/My Projects/Things to Do/FINAL-PAPER-CNIR/05_datasets/tzigara/images/9-40.jpg,0.6975438594818115,tzigara,0.0,
~/Documents/My Projects/Things to Do/FINAL-PAPER-CNIR/05_datasets/tzigara/images/1-44.jpg,0.671452522277832,tzigara,0.0,
~/Documents/My Projects/Things to Do/FINAL-PAPER-CNIR/05_datasets/tzigara/images/15-1.jpg,0.6643080711364746,tzigara,0.0,
~/Documents/My Projects/Things to Do/FINAL-PAPER-CNIR/05_datasets/tzigara/images/17-52.jpg,0.617034375667572,tzigara,0.0,
~/Documents/My Projects/Things to Do/FINAL-PAPER-CNIR/05_datasets/tzigara/images/14-5.jpg,0.8480188250541687,tzigara,0.0,
~/Documents/My Projects/Things to Do/FINAL-PAPER-CNIR/05_datasets/tzigara/images/8-67.jpg,0.7667939066886902,tzigara,0.0,
~/Documents/My Projects/Things to Do/FINAL-PAPER-CNIR/05_datasets/tzigara/images/9-21.jpg,0.9756023287773132,tzigara,0.0,
~/Documents/My Projects/Things to Do/FINAL-PAPER-CNIR/05_datasets/tzigara/images/15-92.jpg,0.6265368461608887,tzigara,0.0,
~/Documents/My Projects/Things to Do/FINAL-PAPER-CNIR/05_datasets/tzigara/images/18-84.jpg,0.7172101140022278,tzigara,0.0,
~/Documents/My Projects/Things to Do/FINAL-PAPER-CNIR/05_datasets/tzigara/images/15-54.jpg,0.3578463196754455,tzigara,0.0,
~/Documents/My Projects/Things to Do/FINAL-PAPER-CNIR/05_datasets/tzigara/images/19-7.jpg,1.4671095609664917,tzigara,0.0,
~/Documents/My Projects/Things to Do/FINAL-PAPER-CNIR/05_datasets/tzigara/images/14-50.jpg,0.986862063407898,tzigara,0.5,"Biserica „Adormirea Maicii Domnului” a Mănăstirii Polovragi(Imagine interioară – fragment din tabloul votiv), fotografie"
~/Documents/My Projects/Things to Do/FINAL-PAPER-CNIR/05_datasets/tzigara/images/13-41.jpg,0.864051878452301,tzigara,0.0,
~/Documents/My Projects/Things to Do/FINAL-PAPER-CNIR/05_datasets/tzigara/images/8-84.jpg,0.9256386160850524,tzigara,0.5,"Cula din Groşerea(Imagine exterioară), fotografie"
~/Documents/My Projects/Things to Do/FINAL-PAPER-CNIR/05_datasets/tzigara/images/17-55.jpg,0.336555540561676,tzigara,0.0,
~/Documents/My Projects/Things to Do/FINAL-PAPER-CNIR/05_datasets/tzigara/images/1-9.jpg,0.7869968414306641,tzigara,0.0,
~/Documents/My Projects/Things to Do/FINAL-PAPER-CNIR/05_datasets/tzigara/images/14-80.jpg,0.6315180063247681,tzigara,0.5,"Ansamblul Schitului Crasna(Poartă), fotografie"
~/Documents/My Projects/Things to Do/FINAL-PAPER-CNIR/05_datasets/tzigara/images/16-4.jpg,0.644917905330658,tzigara,0.0,
~/Documents/My Projects/Things to Do/FINAL-PAPER-CNIR/05_datasets/tzigara/images/8-96.jpg,1.6168495416641235,tzigara,0.0,
~/Documents/My Projects/Things to Do/FINAL-PAPER-CNIR/05_datasets/tzigara/images/11-93.jpg,1.4048141241073608,tzigara,0.0,
~/Documents/My Projects/Things to Do/FINAL-PAPER-CNIR/05_datasets/tzigara/images/16-95.jpg,0.4815260469913482,tzigara,0.0,
~/Documents/My Projects/Things to Do/FINAL-PAPER-CNIR/05_datasets/tzigara/images/1-36.jpg,0.414876639842987,tzigara,0.0,
~/Documents/My Projects/Things to Do/FINAL-PAPER-CNIR/05_datasets/tzigara/images/13-58.jpg,0.8960571885108948,tzigara,0.0,
~/Documents/My Projects/Things to Do/FINAL-PAPER-CNIR/05_datasets/tzigara/images/18-72.jpg,0.8859461545944214,tzigara,0.0,
~/Documents/My Projects/Things to Do/FINAL-PAPER-CNIR/05_datasets/tzigara/images/17-12.jpg,0.6207003593444824,tzigara,0.0,
~/Documents/My Projects/Things to Do/FINAL-PAPER-CNIR/05_datasets/tzigara/images/13-90.jpg,0.7338565587997437,tzigara,0.0,
~/Documents/My Projects/Things to Do/FINAL-PAPER-CNIR/05_datasets/tzigara/images/14-88.jpg,1.2087411880493164,tzigara,0.0,
~/Documents/My Projects/Things to Do/FINAL-PAPER-CNIR/05_datasets/tzigara/images/12-4.jpg,0.5511898994445801,tzigara,0.0,
~/Documents/My Projects/Things to Do/FINAL-PAPER-CNIR/05_datasets/tzigara/images/8-75.jpg,1.0914068222045898,tzigara,0.5,"Casa meşterului Antonie Mogoş(În varianta reinstalată la Muzeul de Etnografie şi Artă Naţională (Bucureşti)), fotografie"
~/Documents/My Projects/Things to Do/FINAL-PAPER-CNIR/05_datasets/tzigara/images/12-47.jpg,0.6916056871414185,tzigara,0.0,
~/Documents/My Projects/Things to Do/FINAL-PAPER-CNIR/05_datasets/tzigara/images/1-15.jpg,0.7878271341323853,tzigara,0.0,
~/Documents/My Projects/Things to Do/FINAL-PAPER-CNIR/05_datasets/tzigara/images/13-39.jpg,0.564071774482727,tzigara,0.0,
~/Documents/My Projects/Things to Do/FINAL-PAPER-CNIR/05_datasets/tzigara/images/9-33.jpg,0.4898349344730377,tzigara,0.0,
~/Documents/My Projects/Things to Do/FINAL-PAPER-CNIR/05_datasets/tzigara/images/8-63.jpg,1.3399440050125122,tzigara,0.0,
~/Documents/My Projects/Things to Do/FINAL-PAPER-CNIR/05_datasets/tzigara/images/9-29.jpg,0.7840350270271301,tzigara,0.0,
~/Documents/My Projects/Things to Do/FINAL-PAPER-CNIR/05_datasets/tzigara/images/1-60.jpg,0.4301653504371643,tzigara,0.0,
~/Documents/My Projects/Things to Do/FINAL-PAPER-CNIR/05_datasets/tzigara/images/14-57.jpg,1.3838229179382324,tzigara,0.0,
~/Documents/My Projects/Things to Do/FINAL-PAPER-CNIR/05_datasets/tzigara/images/20-146.jpg,0.8673170208930969,tzigara,0.0,
~/Documents/My Projects/Things to Do/FINAL-PAPER-CNIR/05_datasets/tzigara/images/16-9.jpg,0.6374203562736511,tzigara,0.0,
~/Documents/My Projects/Things to Do/FINAL-PAPER-CNIR/05_datasets/tzigara/images/18-82.jpg,0.6202071905136108,tzigara,0.0,
~/Documents/My Projects/Things to Do/FINAL-PAPER-CNIR/05_datasets/tzigara/images/17-10.jpg,0.3943069875240326,tzigara,0.0,
~/Documents/My Projects/Things to Do/FINAL-PAPER-CNIR/05_datasets/tzigara/images/8-82.jpg,0.9937596321105956,tzigara,0.0,
~/Documents/My Projects/Things to Do/FINAL-PAPER-CNIR/05_datasets/tzigara/images/1-69.jpg,0.7218186259269714,tzigara,0.5,"Uliţă(Imagine), fotografie"
~/Documents/My Projects/Things to Do/FINAL-PAPER-CNIR/05_datasets/tzigara/images/9-50.jpg,0.4287247657775879,tzigara,0.0,
~/Documents/My Projects/Things to Do/FINAL-PAPER-CNIR/05_datasets/tzigara/images/8-87.jpg,1.266593098640442,tzigara,0.0,
~/Documents/My Projects/Things to Do/FINAL-PAPER-CNIR/05_datasets/tzigara/images/13-87.jpg,0.8130134344100952,tzigara,0.5,"Biserica „Intrarea în Biserică” a Mănăstirii Lainici(Imagine exterioară – vedere dinspre sud-vest), fotografie"
~/Documents/My Projects/Things to Do/FINAL-PAPER-CNIR/05_datasets/tzigara/images/15-10.jpg,0.4865424633026123,tzigara,0.0,
~/Documents/My Projects/Things to Do/FINAL-PAPER-CNIR/05_datasets/tzigara/images/9-32.jpg,0.6702473759651184,tzigara,0.0,
~/Documents/My Projects/Things to Do/FINAL-PAPER-CNIR/05_datasets/tzigara/images/13-50.jpg,1.089465856552124,tzigara,0.0,
~/Documents/My Projects/Things to Do/FINAL-PAPER-CNIR/05_datasets/tzigara/images/16-72.jpg,0.8543466329574585,tzigara,0.0,
~/Documents/My Projects/Things to Do/FINAL-PAPER-CNIR/05_datasets/tzigara/images/12-39.jpg,1.1739391088485718,tzigara,0.0,
~/Documents/My Projects/Things to Do/FINAL-PAPER-CNIR/05_datasets/tzigara/images/18-79.jpg,0.7380462288856506,tzigara,0.0,
~/Documents/My Projects/Things to Do/FINAL-PAPER-CNIR/05_datasets/tzigara/images/8-115.jpg,0.7025983929634094,tzigara,0.0,
~/Documents/My Projects/Things to Do/FINAL-PAPER-CNIR/05_datasets/tzigara/images/17-14.jpg,0.4297482073307037,tzigara,0.0,
~/Documents/My Projects/Things to Do/FINAL-PAPER-CNIR/05_datasets/tzigara/images/8-69.jpg,1.0441142320632937,tzigara,0.0,
~/Documents/My Projects/Things to Do/FINAL-PAPER-CNIR/05_datasets/tzigara/images/1-30.jpg,0.5115863680839539,tzigara,0.0,
~/Documents/My Projects/Things to Do/FINAL-PAPER-CNIR/05_datasets/tzigara/images/9-46.jpg,0.6778019666671753,tzigara,0.0,
~/Documents/My Projects/Things to Do/FINAL-PAPER-CNIR/05_datasets/tzigara/images/16-71.jpg,0.7458869814872742,tzigara,0.0,
~/Documents/My Projects/Things to Do/FINAL-PAPER-CNIR/05_datasets/tzigara/images/17-39.jpg,0.3905577361583709,tzigara,0.0,
~/Documents/My Projects/Things to Do/FINAL-PAPER-CNIR/05_datasets/tzigara/images/15-25.jpg,0.6814824938774109,tzigara,0.0,
~/Documents/My Projects/Things to Do/FINAL-PAPER-CNIR/05_datasets/tzigara/images/1-20.jpg,0.8146265745162964,tzigara,0.0,
~/Documents/My Projects/Things to Do/FINAL-PAPER-CNIR/05_datasets/tzigara/images/9-102.jpg,0.5161211490631104,tzigara,0.0,
~/Documents/My Projects/Things to Do/FINAL-PAPER-CNIR/05_datasets/tzigara/images/8-94.jpg,0.531112790107727,tzigara,0.0,
~/Documents/My Projects/Things to Do/FINAL-PAPER-CNIR/05_datasets/tzigara/images/16-78.jpg,0.9083662629127502,tzigara,0.0,
~/Documents/My Projects/Things to Do/FINAL-PAPER-CNIR/05_datasets/tzigara/images/18-62.jpg,0.7100663185119629,tzigara,0.0,
~/Documents/My Projects/Things to Do/FINAL-PAPER-CNIR/05_datasets/tzigara/images/16-5.jpg,0.6708648204803467,tzigara,0.0,
~/Documents/My Projects/Things to Do/FINAL-PAPER-CNIR/05_datasets/tzigara/images/15-31.jpg,0.4187568128108978,tzigara,0.0,
~/Documents/My Projects/Things to Do/FINAL-PAPER-CNIR/05_datasets/tzigara/images/12-37.jpg,0.8703203201293945,tzigara,0.0,
~/Documents/My Projects/Things to Do/FINAL-PAPER-CNIR/05_datasets/tzigara/images/8-77.jpg,0.8720433115959167,tzigara,0.5,"Casa meşterului Antonie Mogoş(Releveu – plan), desen"
~/Documents/My Projects/Things to Do/FINAL-PAPER-CNIR/05_datasets/tzigara/images/12-1.jpg,0.4978479444980621,tzigara,0.0,
~/Documents/My Projects/Things to Do/FINAL-PAPER-CNIR/05_datasets/tzigara/images/16-35.jpg,0.5749713778495789,tzigara,0.0,
~/Documents/My Projects/Things to Do/FINAL-PAPER-CNIR/05_datasets/tzigara/images/15-35.jpg,0.40772145986557,tzigara,0.0,
~/Documents/My Projects/Things to Do/FINAL-PAPER-CNIR/05_datasets/tzigara/images/14-54.jpg,1.0989400148391724,tzigara,0.0,
~/Documents/My Projects/Things to Do/FINAL-PAPER-CNIR/05_datasets/tzigara/images/17-1.jpg,0.819068193435669,tzigara,0.0,
~/Documents/My Projects/Things to Do/FINAL-PAPER-CNIR/05_datasets/tzigara/images/17-47.jpg,0.9945354461669922,tzigara,0.0,
~/Documents/My Projects/Things to Do/FINAL-PAPER-CNIR/05_datasets/tzigara/images/18-43.jpg,0.5027948021888733,tzigara,0.0,
~/Documents/My Projects/Things to Do/FINAL-PAPER-CNIR/05_datasets/tzigara/images/15-2.jpg,0.5006507039070129,tzigara,0.0,
~/Documents/My Projects/Things to Do/FINAL-PAPER-CNIR/05_datasets/tzigara/images/18-40.jpg,0.977306306362152,tzigara,0.0,
~/Documents/My Projects/Things to Do/FINAL-PAPER-CNIR/05_datasets/tzigara/images/1-50.jpg,1.085485816001892,tzigara,0.0,
~/Documents/My Projects/Things to Do/FINAL-PAPER-CNIR/05_datasets/tzigara/images/1-37.jpg,0.2663193047046661,tzigara,0.0,
~/Documents/My Projects/Things to Do/FINAL-PAPER-CNIR/05_datasets/tzigara/images/16-57.jpg,0.6608215570449829,tzigara,0.0,
~/Documents/My Projects/Things to Do/FINAL-PAPER-CNIR/05_datasets/tzigara/images/18-41.jpg,0.5886632800102234,tzigara,0.0,
~/Documents/My Projects/Things to Do/FINAL-PAPER-CNIR/05_datasets/tzigara/images/15-66.jpg,0.3820197880268097,tzigara,0.0,
~/Documents/My Projects/Things to Do/FINAL-PAPER-CNIR/05_datasets/tzigara/images/13-85.jpg,0.4319983720779419,tzigara,0.5,"Mănăstirea Lainici(Imagine din exteriorul ansamblului – vedere dinspre sud-vest), fotografie"
~/Documents/My Projects/Things to Do/FINAL-PAPER-CNIR/05_datasets/tzigara/images/15-84.jpg,0.3692646920681,tzigara,0.0,
~/Documents/My Projects/Things to Do/FINAL-PAPER-CNIR/05_datasets/tzigara/images/9-52.jpg,0.6434261202812195,tzigara,0.0,
~/Documents/My Projects/Things to Do/FINAL-PAPER-CNIR/05_datasets/tzigara/images/16-94.jpg,0.3173457682132721,tzigara,0.0,
~/Documents/My Projects/Things to Do/FINAL-PAPER-CNIR/05_datasets/tzigara/images/19-81.jpg,0.7474513053894043,tzigara,0.0,
~/Documents/My Projects/Things to Do/FINAL-PAPER-CNIR/05_datasets/tzigara/images/13-44.jpg,1.042922019958496,tzigara,0.0,
~/Documents/My Projects/Things to Do/FINAL-PAPER-CNIR/05_datasets/tzigara/images/8-68.jpg,0.663748562335968,tzigara,0.0,
~/Documents/My Projects/Things to Do/FINAL-PAPER-CNIR/05_datasets/tzigara/images/1-43.jpg,0.4766929149627685,tzigara,0.0,
~/Documents/My Projects/Things to Do/FINAL-PAPER-CNIR/05_datasets/tzigara/images/15-53.jpg,0.4546529054641723,tzigara,0.0,
~/Documents/My Projects/Things to Do/FINAL-PAPER-CNIR/05_datasets/tzigara/images/16-61.jpg,0.6994179487228394,tzigara,0.0,
~/Documents/My Projects/Things to Do/FINAL-PAPER-CNIR/05_datasets/tzigara/images/12-48.jpg,0.7800259590148926,tzigara,0.0,
~/Documents/My Projects/Things to Do/FINAL-PAPER-CNIR/05_datasets/tzigara/images/9-31.jpg,0.596511721611023,tzigara,0.0,
~/Documents/My Projects/Things to Do/FINAL-PAPER-CNIR/05_datasets/tzigara/images/8-109.jpg,0.5187619924545288,tzigara,0.0,
~/Documents/My Projects/Things to Do/FINAL-PAPER-CNIR/05_datasets/tzigara/images/16-7.jpg,0.8836349844932556,tzigara,0.0,
~/Documents/My Projects/Things to Do/FINAL-PAPER-CNIR/05_datasets/tzigara/images/18-63.jpg,0.5295475721359253,tzigara,0.0,
~/Documents/My Projects/Things to Do/FINAL-PAPER-CNIR/05_datasets/tzigara/images/14-18.jpg,0.9855400323867798,tzigara,0.0,
~/Documents/My Projects/Things to Do/FINAL-PAPER-CNIR/05_datasets/tzigara/images/1-56.jpg,0.3724893629550934,tzigara,0.0,
~/Documents/My Projects/Things to Do/FINAL-PAPER-CNIR/05_datasets/tzigara/images/8-112.jpg,0.9624128937721252,tzigara,0.0,
~/Documents/My Projects/Things to Do/FINAL-PAPER-CNIR/05_datasets/tzigara/images/13-53.jpg,1.0453734397888184,tzigara,0.0,
~/Documents/My Projects/Things to Do/FINAL-PAPER-CNIR/05_datasets/tzigara/images/12-19.jpg,0.6517499685287476,tzigara,0.0,
~/Documents/My Projects/Things to Do/FINAL-PAPER-CNIR/05_datasets/tzigara/images/1-52.jpg,0.4702095985412597,tzigara,0.0,
~/Documents/My Projects/Things to Do/FINAL-PAPER-CNIR/05_datasets/tzigara/images/14-62.jpg,0.5880692601203918,tzigara,0.0,
~/Documents/My Projects/Things to Do/FINAL-PAPER-CNIR/05_datasets/tzigara/images/1-16.jpg,1.098900556564331,tzigara,0.0,
~/Documents/My Projects/Things to Do/FINAL-PAPER-CNIR/05_datasets/tzigara/images/14-56.jpg,1.3876633644104004,tzigara,0.0,
~/Documents/My Projects/Things to Do/FINAL-PAPER-CNIR/05_datasets/tzigara/images/14-14.jpg,0.8089568018913269,tzigara,0.0,
~/Documents/My Projects/Things to Do/FINAL-PAPER-CNIR/05_datasets/tzigara/images/13-67.jpg,0.9119709134101868,tzigara,0.5,"Biserica de lemn „Sf Dumitru”, „Adormirea Maicii Domnului” din Corneşti(Imagine exterioară – vedere de ansamblu dinspre nord-vest), fotografie"
~/Documents/My Projects/Things to Do/FINAL-PAPER-CNIR/05_datasets/tzigara/images/15-89.jpg,0.8603867292404175,tzigara,0.0,
~/Documents/My Projects/Things to Do/FINAL-PAPER-CNIR/05_datasets/tzigara/images/13-68.jpg,1.0088201761245728,tzigara,0.0,
~/Documents/My Projects/Things to Do/FINAL-PAPER-CNIR/05_datasets/tzigara/images/16-20.jpg,0.4970617294311523,tzigara,0.0,
~/Documents/My Projects/Things to Do/FINAL-PAPER-CNIR/05_datasets/tzigara/images/14-28.jpg,0.6263982653617859,tzigara,0.0,
~/Documents/My Projects/Things to Do/FINAL-PAPER-CNIR/05_datasets/tzigara/images/14-90.jpg,0.8954752087593079,tzigara,0.0,
~/Documents/My Projects/Things to Do/FINAL-PAPER-CNIR/05_datasets/tzigara/images/15-80.jpg,0.5866623520851135,tzigara,0.0,
~/Documents/My Projects/Things to Do/FINAL-PAPER-CNIR/05_datasets/tzigara/images/8-79.jpg,0.9893553853034972,tzigara,0.0,
~/Documents/My Projects/Things to Do/FINAL-PAPER-CNIR/05_datasets/tzigara/images/16-63.jpg,0.9433960914611816,tzigara,0.0,
~/Documents/My Projects/Things to Do/FINAL-PAPER-CNIR/05_datasets/tzigara/images/15-94.jpg,0.9924297332763672,tzigara,0.0,
~/Documents/My Projects/Things to Do/FINAL-PAPER-CNIR/05_datasets/tzigara/images/15-24.jpg,0.5078341364860535,tzigara,0.0,
~/Documents/My Projects/Things to Do/FINAL-PAPER-CNIR/05_datasets/tzigara/images/18-42.jpg,0.5356085300445557,tzigara,0.0,
~/Documents/My Projects/Things to Do/FINAL-PAPER-CNIR/05_datasets/tzigara/images/15-79.jpg,0.506646990776062,tzigara,0.0,
~/Documents/My Projects/Things to Do/FINAL-PAPER-CNIR/05_datasets/tzigara/images/14-30.jpg,1.2772525548934937,tzigara,0.0,
~/Documents/My Projects/Things to Do/FINAL-PAPER-CNIR/05_datasets/tzigara/images/15-38.jpg,0.5758363604545593,tzigara,0.0,
~/Documents/My Projects/Things to Do/FINAL-PAPER-CNIR/05_datasets/tzigara/images/14-70.jpg,1.411080837249756,tzigara,0.0,
~/Documents/My Projects/Things to Do/FINAL-PAPER-CNIR/05_datasets/tzigara/images/19-29.jpg,0.6886807084083557,tzigara,0.0,
~/Documents/My Projects/Things to Do/FINAL-PAPER-CNIR/05_datasets/tzigara/images/8-89.jpg,1.0704225301742554,tzigara,0.0,
~/Documents/My Projects/Things to Do/FINAL-PAPER-CNIR/05_datasets/tzigara/images/14-83.jpg,0.5112752914428711,tzigara,0.0,
~/Documents/My Projects/Things to Do/FINAL-PAPER-CNIR/05_datasets/tzigara/images/9-24.jpg,0.8772265315055847,tzigara,0.0,
~/Documents/My Projects/Things to Do/FINAL-PAPER-CNIR/05_datasets/tzigara/images/17-25.jpg,0.6797111630439758,tzigara,0.0,
~/Documents/My Projects/Things to Do/FINAL-PAPER-CNIR/05_datasets/tzigara/images/13-54.jpg,1.031817078590393,tzigara,0.0,
~/Documents/My Projects/Things to Do/FINAL-PAPER-CNIR/05_datasets/tzigara/images/12-8.jpg,0.5386506915092468,tzigara,0.0,
~/Documents/My Projects/Things to Do/FINAL-PAPER-CNIR/05_datasets/tzigara/images/19-38.jpg,0.2242588549852371,tzigara,0.0,
~/Documents/My Projects/Things to Do/FINAL-PAPER-CNIR/05_datasets/tzigara/images/17-60.jpg,0.6550081372261047,tzigara,0.0,
~/Documents/My Projects/Things to Do/FINAL-PAPER-CNIR/05_datasets/tzigara/images/18-36.jpg,0.7754192352294922,tzigara,0.0,
~/Documents/My Projects/Things to Do/FINAL-PAPER-CNIR/05_datasets/tzigara/images/13-60.jpg,0.6461327075958252,tzigara,0.0,
~/Documents/My Projects/Things to Do/FINAL-PAPER-CNIR/05_datasets/tzigara/images/12-85.jpg,0.6671217083930969,tzigara,0.0,
~/Documents/My Projects/Things to Do/FINAL-PAPER-CNIR/05_datasets/tzigara/images/16-86.jpg,0.2894532680511474,tzigara,0.0,
~/Documents/My Projects/Things to Do/FINAL-PAPER-CNIR/05_datasets/tzigara/images/16-89.jpg,0.4854106605052948,tzigara,0.0,
~/Documents/My Projects/Things to Do/FINAL-PAPER-CNIR/05_datasets/tzigara/images/16-52.jpg,0.6257919073104858,tzigara,0.0,
~/Documents/My Projects/Things to Do/FINAL-PAPER-CNIR/05_datasets/tzigara/images/1-33.jpg,0.4953153431415558,tzigara,0.0,
~/Documents/My Projects/Things to Do/FINAL-PAPER-CNIR/05_datasets/tzigara/images/9-48.jpg,0.6516913175582886,tzigara,0.0,
~/Documents/My Projects/Things to Do/FINAL-PAPER-CNIR/05_datasets/tzigara/images/15-112.jpg,0.6070533394813538,tzigara,0.0,
~/Documents/My Projects/Things to Do/FINAL-PAPER-CNIR/05_datasets/tzigara/images/14-82.jpg,0.5418425798416138,tzigara,0.0,
~/Documents/My Projects/Things to Do/FINAL-PAPER-CNIR/05_datasets/tzigara/images/8-64.jpg,0.5281404256820679,tzigara,0.0,
~/Documents/My Projects/Things to Do/FINAL-PAPER-CNIR/05_datasets/tzigara/images/16-47.jpg,0.5286141633987427,tzigara,0.0,
~/Documents/My Projects/Things to Do/FINAL-PAPER-CNIR/05_datasets/tzigara/images/9-14.jpg,1.2683629989624023,tzigara,0.0,
~/Documents/My Projects/Things to Do/FINAL-PAPER-CNIR/05_datasets/tzigara/images/1-61.jpg,0.5134227871894836,tzigara,0.0,
~/Documents/My Projects/Things to Do/FINAL-PAPER-CNIR/05_datasets/tzigara/images/16-76.jpg,0.9148319363594056,tzigara,0.0,
~/Documents/My Projects/Things to Do/FINAL-PAPER-CNIR/05_datasets/tzigara/images/12-60.jpg,0.6979143619537354,tzigara,0.0,
~/Documents/My Projects/Things to Do/FINAL-PAPER-CNIR/05_datasets/tzigara/images/14-21.jpg,0.2616895139217376,tzigara,0.0,
~/Documents/My Projects/Things to Do/FINAL-PAPER-CNIR/05_datasets/tzigara/images/16-2.jpg,1.0988465547561646,tzigara,0.0,
~/Documents/My Projects/Things to Do/FINAL-PAPER-CNIR/05_datasets/tzigara/images/18-51.jpg,0.7159765362739563,tzigara,0.0,
~/Documents/My Projects/Things to Do/FINAL-PAPER-CNIR/05_datasets/tzigara/images/14-36.jpg,0.8772941827774048,tzigara,0.0,
~/Documents/My Projects/Things to Do/FINAL-PAPER-CNIR/05_datasets/tzigara/images/11-90.jpg,0.5439395904541016,tzigara,0.0,
~/Documents/My Projects/Things to Do/FINAL-PAPER-CNIR/05_datasets/tzigara/images/18-67.jpg,0.361465722322464,tzigara,0.0,
~/Documents/My Projects/Things to Do/FINAL-PAPER-CNIR/05_datasets/tzigara/images/9-53.jpg,0.6607265472412109,tzigara,0.0,
~/Documents/My Projects/Things to Do/FINAL-PAPER-CNIR/05_datasets/tzigara/images/15-21.jpg,0.978434443473816,tzigara,0.0,
~/Documents/My Projects/Things to Do/FINAL-PAPER-CNIR/05_datasets/tzigara/images/15-50.jpg,0.9735594987869264,tzigara,0.0,
~/Documents/My Projects/Things to Do/FINAL-PAPER-CNIR/05_datasets/tzigara/images/14-86.jpg,0.7608715295791626,tzigara,0.0,
~/Documents/My Projects/Things to Do/FINAL-PAPER-CNIR/05_datasets/tzigara/images/16-75.jpg,0.8156788945198059,tzigara,0.0,
~/Documents/My Projects/Things to Do/FINAL-PAPER-CNIR/05_datasets/tzigara/images/9-6.jpg,0.6892756819725037,tzigara,0.0,
~/Documents/My Projects/Things to Do/FINAL-PAPER-CNIR/05_datasets/tzigara/images/16-44.jpg,0.6189006567001343,tzigara,0.0,
~/Documents/My Projects/Things to Do/FINAL-PAPER-CNIR/05_datasets/tzigara/images/1-66.jpg,1.0249764919281006,tzigara,0.5,"Cula din Pojogeni (dispărută)(Releveu – secţiune), desen"
~/Documents/My Projects/Things to Do/FINAL-PAPER-CNIR/05_datasets/tzigara/images/14-40.jpg,1.0109524726867676,tzigara,0.0,
~/Documents/My Projects/Things to Do/FINAL-PAPER-CNIR/05_datasets/tzigara/images/15-82.jpg,0.690800666809082,tzigara,0.0,
~/Documents/My Projects/Things to Do/FINAL-PAPER-CNIR/05_datasets/tzigara/images/9-12.jpg,1.531972885131836,tzigara,0.0,
~/Documents/My Projects/Things to Do/FINAL-PAPER-CNIR/05_datasets/tzigara/images/12-57.jpg,0.7428513765335083,tzigara,0.0,
~/Documents/My Projects/Things to Do/FINAL-PAPER-CNIR/05_datasets/tzigara/images/8-86.jpg,0.9948045015335084,tzigara,0.0,
~/Documents/My Projects/Things to Do/FINAL-PAPER-CNIR/05_datasets/tzigara/images/16-21.jpg,0.4996994435787201,tzigara,0.0,
~/Documents/My Projects/Things to Do/FINAL-PAPER-CNIR/05_datasets/tzigara/images/15-12.jpg,0.7532821893692017,tzigara,0.0,
~/Documents/My Projects/Things to Do/FINAL-PAPER-CNIR/05_datasets/tzigara/images/9-44.jpg,0.7461955547332764,tzigara,0.0,
~/Documents/My Projects/Things to Do/FINAL-PAPER-CNIR/05_datasets/tzigara/images/16-59.jpg,0.7642176747322083,tzigara,0.0,
~/Documents/My Projects/Things to Do/FINAL-PAPER-CNIR/05_datasets/tzigara/images/16-40.jpg,0.7194804549217224,tzigara,0.0,
~/Documents/My Projects/Things to Do/FINAL-PAPER-CNIR/05_datasets/tzigara/images/1-48.jpg,0.3893971443176269,tzigara,0.0,
~/Documents/My Projects/Things to Do/FINAL-PAPER-CNIR/05_datasets/tzigara/images/13-55.jpg,1.1502968072891235,tzigara,0.0,
~/Documents/My Projects/Things to Do/FINAL-PAPER-CNIR/05_datasets/tzigara/images/14-81.jpg,0.4546860456466675,tzigara,0.5,"Biserica „Sf. Nicolae” a Mănăstirii Crasna(Imagine interioară – frescă – Jupân Ion Ţundrea, Kristina Ilinca şi copiii), fotografie"
~/Documents/My Projects/Things to Do/FINAL-PAPER-CNIR/05_datasets/tzigara/images/16-36.jpg,0.7545906901359558,tzigara,0.0,
~/Documents/My Projects/Things to Do/FINAL-PAPER-CNIR/05_datasets/tzigara/images/1-65.jpg,0.6995786428451538,tzigara,0.0,
~/Documents/My Projects/Things to Do/FINAL-PAPER-CNIR/05_datasets/tzigara/images/1-54.jpg,0.6685329079627991,tzigara,0.0,
~/Documents/My Projects/Things to Do/FINAL-PAPER-CNIR/05_datasets/tzigara/images/15-41.jpg,0.2375617921352386,tzigara,0.0,
~/Documents/My Projects/Things to Do/FINAL-PAPER-CNIR/05_datasets/tzigara/images/8-107.jpg,1.1542445421218872,tzigara,0.0,
~/Documents/My Projects/Things to Do/FINAL-PAPER-CNIR/05_datasets/tzigara/images/12-82.jpg,0.6388142704963684,tzigara,0.0,
~/Documents/My Projects/Things to Do/FINAL-PAPER-CNIR/05_datasets/tzigara/images/14-3.jpg,1.9435279369354248,tzigara,0.0,
~/Documents/My Projects/Things to Do/FINAL-PAPER-CNIR/05_datasets/tzigara/images/15-98.jpg,0.6421986818313599,tzigara,0.0,
~/Documents/My Projects/Things to Do/FINAL-PAPER-CNIR/05_datasets/tzigara/images/12-2.jpg,0.6660611033439636,tzigara,0.0,
~/Documents/My Projects/Things to Do/FINAL-PAPER-CNIR/05_datasets/tzigara/images/17-15.jpg,0.5454287528991699,tzigara,0.0,
~/Documents/My Projects/Things to Do/FINAL-PAPER-CNIR/05_datasets/tzigara/images/18-44.jpg,1.3275816440582275,tzigara,0.0,
~/Documents/My Projects/Things to Do/FINAL-PAPER-CNIR/05_datasets/tzigara/images/18-61.jpg,0.6511030197143555,tzigara,0.0,
~/Documents/My Projects/Things to Do/FINAL-PAPER-CNIR/05_datasets/tzigara/images/9-30.jpg,0.9640864729881288,tzigara,0.0,
~/Documents/My Projects/Things to Do/FINAL-PAPER-CNIR/05_datasets/tzigara/images/15-19.jpg,1.171656370162964,tzigara,0.0,
~/Documents/My Projects/Things to Do/FINAL-PAPER-CNIR/05_datasets/tzigara/images/1-5.jpg,0.4693476259708404,tzigara,0.0,
~/Documents/My Projects/Things to Do/FINAL-PAPER-CNIR/05_datasets/tzigara/images/16-27.jpg,1.011641502380371,tzigara,0.0,
~/Documents/My Projects/Things to Do/FINAL-PAPER-CNIR/05_datasets/tzigara/images/12-50.jpg,0.7745296955108643,tzigara,0.0,
~/Documents/My Projects/Things to Do/FINAL-PAPER-CNIR/05_datasets/tzigara/images/13-45.jpg,1.3945951461791992,tzigara,0.0,
~/Documents/My Projects/Things to Do/FINAL-PAPER-CNIR/05_datasets/tzigara/images/17-24.jpg,1.3428369760513306,tzigara,0.0,
~/Documents/My Projects/Things to Do/FINAL-PAPER-CNIR/05_datasets/tzigara/images/18-66.jpg,0.7035952210426331,tzigara,0.0,
~/Documents/My Projects/Things to Do/FINAL-PAPER-CNIR/05_datasets/tzigara/images/9-9.jpg,1.735100269317627,tzigara,0.0,
~/Documents/My Projects/Things to Do/FINAL-PAPER-CNIR/05_datasets/tzigara/images/13-22.jpg,1.207029104232788,tzigara,0.0,
~/Documents/My Projects/Things to Do/FINAL-PAPER-CNIR/05_datasets/tzigara/images/8-88.jpg,1.3926012516021729,tzigara,0.0,
~/Documents/My Projects/Things to Do/FINAL-PAPER-CNIR/05_datasets/tzigara/images/17-68.jpg,0.9428019523620604,tzigara,0.0,
~/Documents/My Projects/Things to Do/FINAL-PAPER-CNIR/05_datasets/tzigara/images/15-96.jpg,0.6940252184867859,tzigara,0.0,
~/Documents/My Projects/Things to Do/FINAL-PAPER-CNIR/05_datasets/tzigara/images/17-33.jpg,0.5504122376441956,tzigara,0.0,
~/Documents/My Projects/Things to Do/FINAL-PAPER-CNIR/05_datasets/tzigara/images/13-31.jpg,0.7955963611602783,tzigara,0.0,
~/Documents/My Projects/Things to Do/FINAL-PAPER-CNIR/05_datasets/tzigara/images/14-78.jpg,1.4567992687225342,tzigara,0.0,
~/Documents/My Projects/Things to Do/FINAL-PAPER-CNIR/05_datasets/tzigara/images/1-26.jpg,0.7900185585021973,tzigara,0.0,
~/Documents/My Projects/Things to Do/FINAL-PAPER-CNIR/05_datasets/tzigara/images/15-17.jpg,1.209547758102417,tzigara,0.0,
~/Documents/My Projects/Things to Do/FINAL-PAPER-CNIR/05_datasets/tzigara/images/12-30.jpg,0.8345966339111328,tzigara,0.0,
~/Documents/My Projects/Things to Do/FINAL-PAPER-CNIR/05_datasets/tzigara/images/17-64.jpg,0.4746852517127991,tzigara,0.0,
~/Documents/My Projects/Things to Do/FINAL-PAPER-CNIR/05_datasets/tzigara/images/15-83.jpg,0.7823047637939453,tzigara,0.0,
~/Documents/My Projects/Things to Do/FINAL-PAPER-CNIR/05_datasets/tzigara/images/18-25.jpg,0.9606758952140808,tzigara,0.0,
~/Documents/My Projects/Things to Do/FINAL-PAPER-CNIR/05_datasets/tzigara/images/12-51.jpg,0.541490375995636,tzigara,0.0,
~/Documents/My Projects/Things to Do/FINAL-PAPER-CNIR/05_datasets/tzigara/images/18-85.jpg,0.422585517168045,tzigara,0.0,
~/Documents/My Projects/Things to Do/FINAL-PAPER-CNIR/05_datasets/tzigara/images/1-53.jpg,0.871576189994812,tzigara,0.0,
~/Documents/My Projects/Things to Do/FINAL-PAPER-CNIR/05_datasets/tzigara/images/14-93.jpg,0.6171731352806091,tzigara,0.0,
~/Documents/My Projects/Things to Do/FINAL-PAPER-CNIR/05_datasets/tzigara/images/17-53.jpg,0.7439029216766357,tzigara,0.0,
~/Documents/My Projects/Things to Do/FINAL-PAPER-CNIR/05_datasets/tzigara/images/18-49.jpg,0.9744601845741272,tzigara,0.0,
~/Documents/My Projects/Things to Do/FINAL-PAPER-CNIR/05_datasets/tzigara/images/15-93.jpg,0.5745225548744202,tzigara,0.0,
~/Documents/My Projects/Things to Do/FINAL-PAPER-CNIR/05_datasets/tzigara/images/15-76.jpg,1.1416748762130735,tzigara,0.0,
~/Documents/My Projects/Things to Do/FINAL-PAPER-CNIR/05_datasets/tzigara/images/12-3.jpg,0.4476828575134277,tzigara,0.0,
~/Documents/My Projects/Things to Do/FINAL-PAPER-CNIR/05_datasets/tzigara/images/16-18.jpg,0.4949466288089752,tzigara,0.0,
~/Documents/My Projects/Things to Do/FINAL-PAPER-CNIR/05_datasets/tzigara/images/1-57.jpg,0.5230064988136292,tzigara,0.0,
~/Documents/My Projects/Things to Do/FINAL-PAPER-CNIR/05_datasets/tzigara/images/12-11.jpg,1.145991563796997,tzigara,0.0,
~/Documents/My Projects/Things to Do/FINAL-PAPER-CNIR/05_datasets/tzigara/images/19-85.jpg,0.4824754297733307,tzigara,0.0,
~/Documents/My Projects/Things to Do/FINAL-PAPER-CNIR/05_datasets/tzigara/images/14-65.jpg,0.5961736440658569,tzigara,0.0,
~/Documents/My Projects/Things to Do/FINAL-PAPER-CNIR/05_datasets/tzigara/images/15-6.jpg,0.9932810068130492,tzigara,0.0,
~/Documents/My Projects/Things to Do/FINAL-PAPER-CNIR/05_datasets/tzigara/images/1-22.jpg,0.6956562399864197,tzigara,0.0,
~/Documents/My Projects/Things to Do/FINAL-PAPER-CNIR/05_datasets/tzigara/images/9-7.jpg,1.2542041540145874,tzigara,0.0,
~/Documents/My Projects/Things to Do/FINAL-PAPER-CNIR/05_datasets/tzigara/images/18-74.jpg,1.1068919897079468,tzigara,0.0,
~/Documents/My Projects/Things to Do/FINAL-PAPER-CNIR/05_datasets/tzigara/images/13-46.jpg,1.5613205432891846,tzigara,0.0,
~/Documents/My Projects/Things to Do/FINAL-PAPER-CNIR/05_datasets/tzigara/images/1-45.jpg,0.484224259853363,tzigara,0.0,
~/Documents/My Projects/Things to Do/FINAL-PAPER-CNIR/05_datasets/tzigara/images/16-56.jpg,0.5520626306533813,tzigara,0.0,
~/Documents/My Projects/Things to Do/FINAL-PAPER-CNIR/05_datasets/tzigara/images/1-35.jpg,0.4683120548725128,tzigara,0.0,
~/Documents/My Projects/Things to Do/FINAL-PAPER-CNIR/05_datasets/tzigara/images/13-40.jpg,0.5192700624465942,tzigara,0.0,
~/Documents/My Projects/Things to Do/FINAL-PAPER-CNIR/05_datasets/tzigara/images/8-93.jpg,0.5918821692466736,tzigara,0.0,
~/Documents/My Projects/Things to Do/FINAL-PAPER-CNIR/05_datasets/tzigara/images/18-35.jpg,0.9950175285339355,tzigara,0.0,
~/Documents/My Projects/Things to Do/FINAL-PAPER-CNIR/05_datasets/tzigara/images/9-42.jpg,0.5722333192825317,tzigara,0.0,
~/Documents/My Projects/Things to Do/FINAL-PAPER-CNIR/05_datasets/tzigara/images/13-62.jpg,1.0083221197128296,tzigara,0.0,
~/Documents/My Projects/Things to Do/FINAL-PAPER-CNIR/05_datasets/tzigara/images/9-26.jpg,1.778198003768921,tzigara,0.0,
~/Documents/My Projects/Things to Do/FINAL-PAPER-CNIR/05_datasets/tzigara/images/17-43.jpg,0.6396068930625916,tzigara,0.0,
~/Documents/My Projects/Things to Do/FINAL-PAPER-CNIR/05_datasets/tzigara/images/15-63.jpg,0.3518846035003662,tzigara,0.0,
~/Documents/My Projects/Things to Do/FINAL-PAPER-CNIR/05_datasets/tzigara/images/16-16.jpg,0.8433884382247925,tzigara,0.0,
~/Documents/My Projects/Things to Do/FINAL-PAPER-CNIR/05_datasets/tzigara/images/1-64.jpg,0.830443799495697,tzigara,0.0,
~/Documents/My Projects/Things to Do/FINAL-PAPER-CNIR/05_datasets/tzigara/images/15-7.jpg,0.6688551902770996,tzigara,0.0,
~/Documents/My Projects/Things to Do/FINAL-PAPER-CNIR/05_datasets/tzigara/images/16-28.jpg,1.5063481330871582,tzigara,0.0,
~/Documents/My Projects/Things to Do/FINAL-PAPER-CNIR/05_datasets/tzigara/images/15-39.jpg,0.5952548980712891,tzigara,0.0,
~/Documents/My Projects/Things to Do/FINAL-PAPER-CNIR/05_datasets/tzigara/images/12-36.jpg,0.9215852618217468,tzigara,0.0,
~/Documents/My Projects/Things to Do/FINAL-PAPER-CNIR/05_datasets/tzigara/images/14-31.jpg,0.7556607723236084,tzigara,0.0,
~/Documents/My Projects/Things to Do/FINAL-PAPER-CNIR/05_datasets/tzigara/images/18-83.jpg,0.7246427536010742,tzigara,0.0,
~/Documents/My Projects/Things to Do/FINAL-PAPER-CNIR/05_datasets/tzigara/images/1-2.jpg,0.6586999893188477,tzigara,0.0,
~/Documents/My Projects/Things to Do/FINAL-PAPER-CNIR/05_datasets/tzigara/images/12-61.jpg,0.5552098155021667,tzigara,0.0,
~/Documents/My Projects/Things to Do/FINAL-PAPER-CNIR/05_datasets/tzigara/images/17-17.jpg,0.4020205438137054,tzigara,0.0,
~/Documents/My Projects/Things to Do/FINAL-PAPER-CNIR/05_datasets/tzigara/images/15-91.jpg,0.6436372399330139,tzigara,0.0,
~/Documents/My Projects/Things to Do/FINAL-PAPER-CNIR/05_datasets/tzigara/images/18-64.jpg,0.6528617739677429,tzigara,0.0,
~/Documents/My Projects/Things to Do/FINAL-PAPER-CNIR/05_datasets/tzigara/images/15-74.jpg,0.5904331207275391,tzigara,0.0,
~/Documents/My Projects/Things to Do/FINAL-PAPER-CNIR/05_datasets/tzigara/images/13-15.jpg,1.501413345336914,tzigara,0.0,
~/Documents/My Projects/Things to Do/FINAL-PAPER-CNIR/05_datasets/tzigara/images/15-14.jpg,1.1396174430847168,tzigara,0.0,
~/Documents/My Projects/Things to Do/FINAL-PAPER-CNIR/05_datasets/tzigara/images/13-74.jpg,0.7200098037719727,tzigara,0.0,
~/Documents/My Projects/Things to Do/FINAL-PAPER-CNIR/05_datasets/tzigara/images/16-19.jpg,0.8350778222084045,tzigara,0.0,
~/Documents/My Projects/Things to Do/FINAL-PAPER-CNIR/05_datasets/tzigara/images/16-92.jpg,0.5213512778282166,tzigara,0.0,
~/Documents/My Projects/Things to Do/FINAL-PAPER-CNIR/05_datasets/tzigara/images/14-17.jpg,1.0129263401031494,tzigara,0.0,
~/Documents/My Projects/Things to Do/FINAL-PAPER-CNIR/05_datasets/tzigara/images/8-99.jpg,1.0922812223434448,tzigara,0.0,
~/Documents/My Projects/Things to Do/FINAL-PAPER-CNIR/05_datasets/tzigara/images/13-70.jpg,1.1352592706680298,tzigara,0.0,
~/Documents/My Projects/Things to Do/FINAL-PAPER-CNIR/05_datasets/tzigara/images/9-95.jpg,0.6440281867980957,tzigara,0.0,
~/Documents/My Projects/Things to Do/FINAL-PAPER-CNIR/05_datasets/tzigara/images/15-75.jpg,0.3662786483764648,tzigara,0.0,
~/Documents/My Projects/Things to Do/FINAL-PAPER-CNIR/05_datasets/tzigara/images/18-52.jpg,0.9196040034294128,tzigara,0.0,
~/Documents/My Projects/Things to Do/FINAL-PAPER-CNIR/05_datasets/tzigara/images/9-56.jpg,0.4650935530662536,tzigara,0.0,
~/Documents/My Projects/Things to Do/FINAL-PAPER-CNIR/05_datasets/tzigara/images/16-97.jpg,0.682636559009552,tzigara,0.0,
~/Documents/My Projects/Things to Do/FINAL-PAPER-CNIR/05_datasets/tzigara/images/15-59.jpg,0.5857051014900208,tzigara,0.0,
~/Documents/My Projects/Things to Do/FINAL-PAPER-CNIR/05_datasets/tzigara/images/15-9.jpg,0.4713154435157776,tzigara,0.0,
~/Documents/My Projects/Things to Do/FINAL-PAPER-CNIR/05_datasets/tzigara/images/12-62.jpg,0.7039652466773987,tzigara,0.0,
~/Documents/My Projects/Things to Do/FINAL-PAPER-CNIR/05_datasets/tzigara/images/15-65.jpg,0.2434555292129516,tzigara,0.0,
~/Documents/My Projects/Things to Do/FINAL-PAPER-CNIR/05_datasets/tzigara/images/17-62.jpg,0.7261061072349548,tzigara,0.0,
~/Documents/My Projects/Things to Do/FINAL-PAPER-CNIR/05_datasets/tzigara/images/16-91.jpg,0.3967707455158233,tzigara,0.0,
~/Documents/My Projects/Things to Do/FINAL-PAPER-CNIR/05_datasets/tzigara/images/9-4.jpg,1.1386407613754272,tzigara,0.0,
~/Documents/My Projects/Things to Do/FINAL-PAPER-CNIR/05_datasets/tzigara/images/19-67.jpg,0.9617220163345336,tzigara,0.0,
~/Documents/My Projects/Things to Do/FINAL-PAPER-CNIR/05_datasets/tzigara/images/13-89.jpg,0.509495735168457,tzigara,0.0,
~/Documents/My Projects/Things to Do/FINAL-PAPER-CNIR/05_datasets/tzigara/images/14-79.jpg,0.7377215027809143,tzigara,0.0,
~/Documents/My Projects/Things to Do/FINAL-PAPER-CNIR/05_datasets/tzigara/images/19-3.jpg,0.7851060628890991,tzigara,0.0,
~/Documents/My Projects/Things to Do/FINAL-PAPER-CNIR/05_datasets/tzigara/images/15-27.jpg,0.5709514617919922,tzigara,0.0,
~/Documents/My Projects/Things to Do/FINAL-PAPER-CNIR/05_datasets/tzigara/images/14-37.jpg,0.7781372666358948,tzigara,0.0,
~/Documents/My Projects/Things to Do/FINAL-PAPER-CNIR/05_datasets/tzigara/images/8-111.jpg,0.5949095487594604,tzigara,0.0,
~/Documents/My Projects/Things to Do/FINAL-PAPER-CNIR/05_datasets/tzigara/images/14-59.jpg,1.0824981927871704,tzigara,0.0,
~/Documents/My Projects/Things to Do/FINAL-PAPER-CNIR/05_datasets/tzigara/images/15-68.jpg,0.5943198800086975,tzigara,0.0,
~/Documents/My Projects/Things to Do/FINAL-PAPER-CNIR/05_datasets/tzigara/images/13-52.jpg,1.200818657875061,tzigara,0.0,
~/Documents/My Projects/Things to Do/FINAL-PAPER-CNIR/05_datasets/tzigara/images/11-94.jpg,0.5438299775123596,tzigara,0.0,
~/Documents/My Projects/Things to Do/FINAL-PAPER-CNIR/05_datasets/tzigara/images/12-14.jpg,0.5792939066886902,tzigara,0.0,
~/Documents/My Projects/Things to Do/FINAL-PAPER-CNIR/05_datasets/tzigara/images/14-75.jpg,0.926569163799286,tzigara,0.0,
~/Documents/My Projects/Things to Do/FINAL-PAPER-CNIR/05_datasets/tzigara/images/13-43.jpg,0.9779440760612488,tzigara,0.0,
~/Documents/My Projects/Things to Do/FINAL-PAPER-CNIR/05_datasets/tzigara/images/17-51.jpg,0.9289886951446532,tzigara,0.0,
~/Documents/My Projects/Things to Do/FINAL-PAPER-CNIR/05_datasets/tzigara/images/15-67.jpg,0.8621453642845154,tzigara,0.0,
~/Documents/My Projects/Things to Do/FINAL-PAPER-CNIR/05_datasets/tzigara/images/15-95.jpg,0.4628664851188659,tzigara,0.0,
~/Documents/My Projects/Things to Do/FINAL-PAPER-CNIR/05_datasets/tzigara/images/17-35.jpg,1.0340522527694702,tzigara,0.0,
~/Documents/My Projects/Things to Do/FINAL-PAPER-CNIR/05_datasets/tzigara/images/14-42.jpg,1.018681883811951,tzigara,0.0,
~/Documents/My Projects/Things to Do/FINAL-PAPER-CNIR/05_datasets/tzigara/images/14-24.jpg,0.6279611587524414,tzigara,0.0,
~/Documents/My Projects/Things to Do/FINAL-PAPER-CNIR/05_datasets/tzigara/images/17-61.jpg,0.5355837941169739,tzigara,0.0,
~/Documents/My Projects/Things to Do/FINAL-PAPER-CNIR/05_datasets/tzigara/images/19-83.jpg,0.428299993276596,tzigara,0.0,
~/Documents/My Projects/Things to Do/FINAL-PAPER-CNIR/05_datasets/tzigara/images/18-70.jpg,0.833078145980835,tzigara,0.0,
~/Documents/My Projects/Things to Do/FINAL-PAPER-CNIR/05_datasets/tzigara/images/16-22.jpg,0.400540828704834,tzigara,0.0,
~/Documents/My Projects/Things to Do/FINAL-PAPER-CNIR/05_datasets/tzigara/images/16-12.jpg,0.9224557280540466,tzigara,0.0,
~/Documents/My Projects/Things to Do/FINAL-PAPER-CNIR/05_datasets/tzigara/images/16-49.jpg,0.4114686250686645,tzigara,0.0,
~/Documents/My Projects/Things to Do/FINAL-PAPER-CNIR/05_datasets/tzigara/images/13-32.jpg,0.7666987776756287,tzigara,0.0,
~/Documents/My Projects/Things to Do/FINAL-PAPER-CNIR/05_datasets/tzigara/images/15-16.jpg,0.9899888634681702,tzigara,0.0,
~/Documents/My Projects/Things to Do/FINAL-PAPER-CNIR/05_datasets/tzigara/images/1-40.jpg,0.6715089082717896,tzigara,0.0,
~/Documents/My Projects/Things to Do/FINAL-PAPER-CNIR/05_datasets/tzigara/images/14-68.jpg,1.051392912864685,tzigara,0.0,
~/Documents/My Projects/Things to Do/FINAL-PAPER-CNIR/05_datasets/tzigara/images/17-38.jpg,1.2240681648254397,tzigara,0.0,
~/Documents/My Projects/Things to Do/FINAL-PAPER-CNIR/05_datasets/tzigara/images/9-100.jpg,0.7611415982246399,tzigara,0.0,
~/Documents/My Projects/Things to Do/FINAL-PAPER-CNIR/05_datasets/tzigara/images/18-80.jpg,0.414406806230545,tzigara,0.0,
~/Documents/My Projects/Things to Do/FINAL-PAPER-CNIR/05_datasets/tzigara/images/13-37.jpg,1.0510574579238892,tzigara,0.0,
~/Documents/My Projects/Things to Do/FINAL-PAPER-CNIR/05_datasets/tzigara/images/17-21.jpg,0.8280699849128723,tzigara,0.0,
~/Documents/My Projects/Things to Do/FINAL-PAPER-CNIR/05_datasets/tzigara/images/8-105.jpg,0.8088696599006653,tzigara,0.0,
~/Documents/My Projects/Things to Do/FINAL-PAPER-CNIR/05_datasets/tzigara/images/14-15.jpg,0.5370283722877502,tzigara,0.0,
~/Documents/My Projects/Things to Do/FINAL-PAPER-CNIR/05_datasets/tzigara/images/17-54.jpg,0.693830668926239,tzigara,0.0,
~/Documents/My Projects/Things to Do/FINAL-PAPER-CNIR/05_datasets/tzigara/images/15-90.jpg,0.3678515255451202,tzigara,0.0,
~/Documents/My Projects/Things to Do/FINAL-PAPER-CNIR/05_datasets/tzigara/images/14-1.jpg,0.7664141654968262,tzigara,0.0,
~/Documents/My Projects/Things to Do/FINAL-PAPER-CNIR/05_datasets/tzigara/images/9-37.jpg,0.7393506765365601,tzigara,0.0,
~/Documents/My Projects/Things to Do/FINAL-PAPER-CNIR/05_datasets/tzigara/images/16-55.jpg,0.7699465155601501,tzigara,0.0,
~/Documents/My Projects/Things to Do/FINAL-PAPER-CNIR/05_datasets/tzigara/images/13-73.jpg,1.0267127752304075,tzigara,0.0,
~/Documents/My Projects/Things to Do/FINAL-PAPER-CNIR/05_datasets/tzigara/images/14-13.jpg,0.5643323659896851,tzigara,0.0,
~/Documents/My Projects/Things to Do/FINAL-PAPER-CNIR/05_datasets/tzigara/images/16-29.jpg,1.146250605583191,tzigara,0.0,
~/Documents/My Projects/Things to Do/FINAL-PAPER-CNIR/05_datasets/tzigara/images/16-62.jpg,0.6684695482254028,tzigara,0.0,
~/Documents/My Projects/Things to Do/FINAL-PAPER-CNIR/05_datasets/tzigara/images/9-34.jpg,0.9643847346305848,tzigara,0.0,
~/Documents/My Projects/Things to Do/FINAL-PAPER-CNIR/05_datasets/tzigara/images/8-92.jpg,0.4189376533031463,tzigara,0.0,
~/Documents/My Projects/Things to Do/FINAL-PAPER-CNIR/05_datasets/tzigara/images/9-18.jpg,1.5408287048339844,tzigara,0.0,
~/Documents/My Projects/Things to Do/FINAL-PAPER-CNIR/05_datasets/tzigara/images/14-46.jpg,0.799041748046875,tzigara,0.5,"Biserica „Adormirea Maicii Domnului” a Mănăstirii Polovragi(Imagine interioară – fragment din tabloul votiv), fotografie"
~/Documents/My Projects/Things to Do/FINAL-PAPER-CNIR/05_datasets/tzigara/images/12-16.jpg,0.4789679944515228,tzigara,0.0,
~/Documents/My Projects/Things to Do/FINAL-PAPER-CNIR/05_datasets/tzigara/images/16-50.jpg,1.043725848197937,tzigara,0.0,
~/Documents/My Projects/Things to Do/FINAL-PAPER-CNIR/05_datasets/tzigara/images/12-10.jpg,0.8888460397720337,tzigara,0.0,
~/Documents/My Projects/Things to Do/FINAL-PAPER-CNIR/05_datasets/tzigara/images/19-39.jpg,1.3001028299331665,tzigara,0.0,
~/Documents/My Projects/Things to Do/FINAL-PAPER-CNIR/05_datasets/tzigara/images/16-82.jpg,0.5938473343849182,tzigara,0.0,
~/Documents/My Projects/Things to Do/FINAL-PAPER-CNIR/05_datasets/tzigara/images/9-36.jpg,0.4944857954978943,tzigara,0.0,
~/Documents/My Projects/Things to Do/FINAL-PAPER-CNIR/05_datasets/tzigara/images/1-7.jpg,1.051831603050232,tzigara,0.0,
~/Documents/My Projects/Things to Do/FINAL-PAPER-CNIR/05_datasets/tzigara/images/12-38.jpg,0.917122721672058,tzigara,0.0,
~/Documents/My Projects/Things to Do/FINAL-PAPER-CNIR/05_datasets/tzigara/images/12-20.jpg,0.5248652696609497,tzigara,0.0,
~/Documents/My Projects/Things to Do/FINAL-PAPER-CNIR/05_datasets/tzigara/images/13-20.jpg,0.5861058235168457,tzigara,0.0,
~/Documents/My Projects/Things to Do/FINAL-PAPER-CNIR/05_datasets/tzigara/images/14-32.jpg,0.7302228212356567,tzigara,0.0,
~/Documents/My Projects/Things to Do/FINAL-PAPER-CNIR/05_datasets/tzigara/images/13-42.jpg,0.7493438720703125,tzigara,0.0,
~/Documents/My Projects/Things to Do/FINAL-PAPER-CNIR/05_datasets/tzigara/images/19-1.jpg,0.7173721194267273,tzigara,0.0,
~/Documents/My Projects/Things to Do/FINAL-PAPER-CNIR/05_datasets/tzigara/images/14-2.jpg,1.6871118545532229,tzigara,0.0,
~/Documents/My Projects/Things to Do/FINAL-PAPER-CNIR/05_datasets/tzigara/images/13-75.jpg,0.7312067151069641,tzigara,0.0,
~/Documents/My Projects/Things to Do/FINAL-PAPER-CNIR/05_datasets/tzigara/images/13-28.jpg,1.1386696100234983,tzigara,0.0,
~/Documents/My Projects/Things to Do/FINAL-PAPER-CNIR/05_datasets/tzigara/images/1-41.jpg,1.0600180625915527,tzigara,0.0,
~/Documents/My Projects/Things to Do/FINAL-PAPER-CNIR/05_datasets/tzigara/images/8-114.jpg,0.5543698072433472,tzigara,0.0,
~/Documents/My Projects/Things to Do/FINAL-PAPER-CNIR/05_datasets/tzigara/images/18-75.jpg,0.4564163088798523,tzigara,0.0,
~/Documents/My Projects/Things to Do/FINAL-PAPER-CNIR/05_datasets/tzigara/images/11-92.jpg,0.7216089367866516,tzigara,0.0,
~/Documents/My Projects/Things to Do/FINAL-PAPER-CNIR/05_datasets/tzigara/images/12-45.jpg,0.6305065155029297,tzigara,0.0,
~/Documents/My Projects/Things to Do/FINAL-PAPER-CNIR/05_datasets/tzigara/images/17-8.jpg,0.380256175994873,tzigara,0.0,
~/Documents/My Projects/Things to Do/FINAL-PAPER-CNIR/05_datasets/tzigara/images/19-93.jpg,0.8821134567260742,tzigara,0.0,
~/Documents/My Projects/Things to Do/FINAL-PAPER-CNIR/05_datasets/tzigara/images/13-82.jpg,0.4567388296127319,tzigara,0.0,
~/Documents/My Projects/Things to Do/FINAL-PAPER-CNIR/05_datasets/tzigara/images/12-33.jpg,0.606916069984436,tzigara,0.0,
~/Documents/My Projects/Things to Do/FINAL-PAPER-CNIR/05_datasets/tzigara/images/1-25.jpg,0.4500060081481933,tzigara,0.0,
~/Documents/My Projects/Things to Do/FINAL-PAPER-CNIR/05_datasets/tzigara/images/17-20.jpg,0.5861473679542542,tzigara,0.0,
~/Documents/My Projects/Things to Do/FINAL-PAPER-CNIR/05_datasets/tzigara/images/9-104.jpg,1.1040998697280884,tzigara,0.0,
~/Documents/My Projects/Things to Do/FINAL-PAPER-CNIR/05_datasets/tzigara/images/12-27.jpg,0.7697903513908386,tzigara,0.0,
~/Documents/My Projects/Things to Do/FINAL-PAPER-CNIR/05_datasets/tzigara/images/13-80.jpg,1.0541222095489502,tzigara,0.0,
~/Documents/My Projects/Things to Do/FINAL-PAPER-CNIR/05_datasets/tzigara/images/16-96.jpg,0.3951529562473297,tzigara,0.0,
~/Documents/My Projects/Things to Do/FINAL-PAPER-CNIR/05_datasets/tzigara/images/16-80.jpg,1.0068352222442627,tzigara,0.0,
~/Documents/My Projects/Things to Do/FINAL-PAPER-CNIR/05_datasets/tzigara/images/12-54.jpg,0.806511402130127,tzigara,0.0,
~/Documents/My Projects/Things to Do/FINAL-PAPER-CNIR/05_datasets/tzigara/images/12-29.jpg,0.9269148707389832,tzigara,0.0,
~/Documents/My Projects/Things to Do/FINAL-PAPER-CNIR/05_datasets/tzigara/images/14-49.jpg,0.6876688003540039,tzigara,0.0,
~/Documents/My Projects/Things to Do/FINAL-PAPER-CNIR/05_datasets/tzigara/images/17-7.jpg,0.8202212452888489,tzigara,0.0,
~/Documents/My Projects/Things to Do/FINAL-PAPER-CNIR/05_datasets/europeana/images/_22__99240.jpg,0.2549597322940826,europeana,0.2,
~/Documents/My Projects/Things to Do/FINAL-PAPER-CNIR/05_datasets/europeana/images/_22__99250.jpg,0.647994339466095,europeana,0.2,
~/Documents/My Projects/Things to Do/FINAL-PAPER-CNIR/05_datasets/europeana/images/_22__2167.jpg,0.4988971054553985,europeana,0.2,
~/Documents/My Projects/Things to Do/FINAL-PAPER-CNIR/05_datasets/europeana/images/_22__99249.jpg,0.4557427167892456,europeana,0.2,
~/Documents/My Projects/Things to Do/FINAL-PAPER-CNIR/05_datasets/europeana/images/_22__99239.jpg,0.2621160447597503,europeana,0.2,
~/Documents/My Projects/Things to Do/FINAL-PAPER-CNIR/05_datasets/europeana/images/_22__99253.jpg,0.6652529835700989,europeana,0.2,
~/Documents/My Projects/Things to Do/FINAL-PAPER-CNIR/05_datasets/europeana/images/_22__99219.jpg,0.3313138782978058,europeana,0.2,
~/Documents/My Projects/Things to Do/FINAL-PAPER-CNIR/05_datasets/europeana/images/_951_Culturalia_3c024986_d568_4bed_b0a4_034332100f19.jpg,0.1808716207742691,europeana,0.2,
~/Documents/My Projects/Things to Do/FINAL-PAPER-CNIR/05_datasets/europeana/images/_22__99227.jpg,0.5599037408828735,europeana,0.2,
~/Documents/My Projects/Things to Do/FINAL-PAPER-CNIR/05_datasets/europeana/images/_22__99228.jpg,0.3585191965103149,europeana,0.4,
~/Documents/My Projects/Things to Do/FINAL-PAPER-CNIR/05_datasets/europeana/images/_22__2166.jpg,0.6688706874847412,europeana,0.4,
~/Documents/My Projects/Things to Do/FINAL-PAPER-CNIR/05_datasets/europeana/images/_22__99220.jpg,1.2919780015945437,europeana,0.2,
~/Documents/My Projects/Things to Do/FINAL-PAPER-CNIR/05_datasets/europeana/images/_22__99210.jpg,0.6957850456237793,europeana,0.2,
~/Documents/My Projects/Things to Do/FINAL-PAPER-CNIR/05_datasets/europeana/images/_2048047_Clasate_12aa7de1bf0e4f9592f3a390b977a9e2.jpg,0.374808520078659,europeana,0.4,
~/Documents/My Projects/Things to Do/FINAL-PAPER-CNIR/05_datasets/europeana/images/_22__99216.jpg,0.8666425943374634,europeana,0.4,
~/Documents/My Projects/Things to Do/FINAL-PAPER-CNIR/05_datasets/europeana/images/_22__99233.jpg,0.165675014257431,europeana,0.2,
~/Documents/My Projects/Things to Do/FINAL-PAPER-CNIR/05_datasets/europeana/images/_22__99215.jpg,0.853740394115448,europeana,0.4,
~/Documents/My Projects/Things to Do/FINAL-PAPER-CNIR/05_datasets/europeana/images/_22__99212.jpg,0.9087634086608888,europeana,0.2,
~/Documents/My Projects/Things to Do/FINAL-PAPER-CNIR/05_datasets/europeana/images/_22__2006.jpg,0.6688905954360962,europeana,0.2,
~/Documents/My Projects/Things to Do/FINAL-PAPER-CNIR/05_datasets/europeana/images/_951_Culturalia_4b423844_6631_4876_8073_328bf18cf963.jpg,0.3901416361331939,europeana,0.2,
~/Documents/My Projects/Things to Do/FINAL-PAPER-CNIR/05_datasets/europeana/images/_22__99248.jpg,0.5948497653007507,europeana,0.2,
~/Documents/My Projects/Things to Do/FINAL-PAPER-CNIR/05_datasets/europeana/images/_22__99254.jpg,0.4682300090789795,europeana,0.2,
~/Documents/My Projects/Things to Do/FINAL-PAPER-CNIR/05_datasets/europeana/images/_2048047_Clasate_e22817b41456439cb12bb053eb2a1c9a.jpg,0.327898770570755,europeana,0.2,
~/Documents/My Projects/Things to Do/FINAL-PAPER-CNIR/05_datasets/europeana/images/_2024903_photography_ProvidedCHO_KU_Leuven_9992113379301488.jpg,1.1873650550842283,europeana,0.4,
~/Documents/My Projects/Things to Do/FINAL-PAPER-CNIR/05_datasets/europeana/images/_1190_INP_postcards_11700.jpg,1.1710286140441897,europeana,0.4,
~/Documents/My Projects/Things to Do/FINAL-PAPER-CNIR/05_datasets/europeana/images/_2024904_https___www_topfoto_co_uk_asset_3024551.jpg,0.6352327466011047,europeana,0.4,
~/Documents/My Projects/Things to Do/FINAL-PAPER-CNIR/05_datasets/europeana/images/_22__99214.jpg,0.4200854003429413,europeana,0.4,
~/Documents/My Projects/Things to Do/FINAL-PAPER-CNIR/05_datasets/europeana/images/_440_item_W4TZNA5KNLJVXYLXW6OPOSYR2LAPU675.jpg,0.8980714678764343,europeana,0.2,
~/Documents/My Projects/Things to Do/FINAL-PAPER-CNIR/05_datasets/europeana/images/_2048047_Clasate_742e2df65faa473b992be1b589ca4547.jpg,0.7275998592376709,europeana,0.2,
~/Documents/My Projects/Things to Do/FINAL-PAPER-CNIR/05_datasets/europeana/images/_2048047_Clasate_b01a784bb6244491876e59a979b5b943.jpg,0.4596703946590423,europeana,0.4,
~/Documents/My Projects/Things to Do/FINAL-PAPER-CNIR/05_datasets/europeana/images/_22__2160.jpg,1.0642045736312866,europeana,0.2,
~/Documents/My Projects/Things to Do/FINAL-PAPER-CNIR/05_datasets/europeana/images/_951_Culturalia_1472f9a7_acd9_11d9_ae7e_0050fccf2e52.jpg,0.6130901575088501,europeana,0.2,
~/Documents/My Projects/Things to Do/FINAL-PAPER-CNIR/05_datasets/europeana/images/_1190_INP_postcards_2194.jpg,1.1056455373764038,europeana,0.2,
~/Documents/My Projects/Things to Do/FINAL-PAPER-CNIR/05_datasets/europeana/images/_22__99234.jpg,0.3629786670207977,europeana,0.2,
~/Documents/My Projects/Things to Do/FINAL-PAPER-CNIR/05_datasets/europeana/images/_951_Culturalia_3dd4f59f_9a7b_4d60_b5ab_05b7e286337d.jpg,0.0735938027501106,europeana,0.2,
~/Documents/My Projects/Things to Do/FINAL-PAPER-CNIR/05_datasets/europeana/images/_22__99223.jpg,0.3474761843681335,europeana,0.2,
~/Documents/My Projects/Things to Do/FINAL-PAPER-CNIR/05_datasets/europeana/images/_2048047_Clasate_d307fa98a57b4a49b78da532da75093f.jpg,0.9106889367103576,europeana,0.4,
~/Documents/My Projects/Things to Do/FINAL-PAPER-CNIR/05_datasets/europeana/images/_22__99225.jpg,0.3276872932910919,europeana,0.2,
~/Documents/My Projects/Things to Do/FINAL-PAPER-CNIR/05_datasets/europeana/images/_951_Culturalia_c70d8180_9470_4fe1_9140_ba722a510b85.jpg,0.6444981098175049,europeana,0.2,
~/Documents/My Projects/Things to Do/FINAL-PAPER-CNIR/05_datasets/europeana/images/_22__2095.jpg,0.7188249230384827,europeana,0.4,
~/Documents/My Projects/Things to Do/FINAL-PAPER-CNIR/05_datasets/europeana/images/_1190_INP_postcards_1074.jpg,0.760395884513855,europeana,0.6,
~/Documents/My Projects/Things to Do/FINAL-PAPER-CNIR/05_datasets/europeana/images/_22__2097.jpg,0.7090840339660645,europeana,0.2,
~/Documents/My Projects/Things to Do/FINAL-PAPER-CNIR/05_datasets/europeana/images/_951_Culturalia_1472f9a9_acd9_11d9_ae7e_0050fccf2e52.jpg,0.5203445553779602,europeana,0.2,
~/Documents/My Projects/Things to Do/FINAL-PAPER-CNIR/05_datasets/europeana/images/_22__99217.jpg,1.0385446548461914,europeana,0.2,
~/Documents/My Projects/Things to Do/FINAL-PAPER-CNIR/05_datasets/europeana/images/_2048128_186596.jpg,0.2960714697837829,europeana,0.2,
~/Documents/My Projects/Things to Do/FINAL-PAPER-CNIR/05_datasets/europeana/images/_1190_INP_postcards_3344.jpg,0.7531938552856445,europeana,0.4,
~/Documents/My Projects/Things to Do/FINAL-PAPER-CNIR/05_datasets/europeana/images/_22__99242.jpg,0.173087939620018,europeana,0.2,
~/Documents/My Projects/Things to Do/FINAL-PAPER-CNIR/05_datasets/europeana/images/_22__99256.jpg,0.8547395467758179,europeana,0.2,
~/Documents/My Projects/Things to Do/FINAL-PAPER-CNIR/05_datasets/europeana/images/_2024904_https___www_topfoto_co_uk_asset_3026846.jpg,0.5439136624336243,europeana,0.6,
~/Documents/My Projects/Things to Do/FINAL-PAPER-CNIR/05_datasets/europeana/images/_951_Culturalia_1472fa08_acd9_11d9_ae7e_0050fccf2e52.jpg,0.4902092516422272,europeana,0.2,
~/Documents/My Projects/Things to Do/FINAL-PAPER-CNIR/05_datasets/europeana/images/_22__99231.jpg,0.2672223150730133,europeana,0.2,
~/Documents/My Projects/Things to Do/FINAL-PAPER-CNIR/05_datasets/europeana/images/_22__99241.jpg,0.2838014662265777,europeana,0.2,
~/Documents/My Projects/Things to Do/FINAL-PAPER-CNIR/05_datasets/europeana/images/_951_Culturalia_70d9506a_e32e_4b12_ac0f_cc97897f8363.jpg,0.2225130200386047,europeana,0.4,
~/Documents/My Projects/Things to Do/FINAL-PAPER-CNIR/05_datasets/europeana/images/_22__99222.jpg,0.1555747240781784,europeana,0.2,
~/Documents/My Projects/Things to Do/FINAL-PAPER-CNIR/05_datasets/europeana/images/_22__99230.jpg,0.7068830132484436,europeana,0.2,
~/Documents/My Projects/Things to Do/FINAL-PAPER-CNIR/05_datasets/europeana/images/_1190_INP_postcards_3358.jpg,0.6408317685127258,europeana,0.4,
~/Documents/My Projects/Things to Do/FINAL-PAPER-CNIR/05_datasets/europeana/images/_22__2217.jpg,0.344481348991394,europeana,0.2,
~/Documents/My Projects/Things to Do/FINAL-PAPER-CNIR/05_datasets/europeana/images/_22__2214.jpg,0.6226965188980103,europeana,0.2,
~/Documents/My Projects/Things to Do/FINAL-PAPER-CNIR/05_datasets/europeana/images/_22__99213.jpg,1.0677199363708496,europeana,0.2,
~/Documents/My Projects/Things to Do/FINAL-PAPER-CNIR/05_datasets/europeana/images/_951_Culturalia_9f7d89c8_7468_4df5_8cab_b83c53b4e8ad.jpg,0.3843627274036407,europeana,0.2,
~/Documents/My Projects/Things to Do/FINAL-PAPER-CNIR/05_datasets/europeana/images/_22__99238.jpg,0.2382092624902725,europeana,0.2,
~/Documents/My Projects/Things to Do/FINAL-PAPER-CNIR/05_datasets/europeana/images/_437_item_CBATDEAZMHMG6KC6KDWRORXFEBCH4FLF.jpg,0.5702439546585083,europeana,0.2,
~/Documents/My Projects/Things to Do/FINAL-PAPER-CNIR/05_datasets/europeana/images/_22__99257.jpg,0.505189836025238,europeana,0.2,
~/Documents/My Projects/Things to Do/FINAL-PAPER-CNIR/05_datasets/europeana/images/_22__99218.jpg,0.3749468326568603,europeana,0.2,
~/Documents/My Projects/Things to Do/FINAL-PAPER-CNIR/05_datasets/europeana/images/_22__99229.jpg,0.5252289175987244,europeana,0.4,
~/Documents/My Projects/Things to Do/FINAL-PAPER-CNIR/05_datasets/europeana/images/_22__99211.jpg,0.8846538066864014,europeana,0.2,
~/Documents/My Projects/Things to Do/FINAL-PAPER-CNIR/05_datasets/europeana/images/_22__2157.jpg,0.5517929196357727,europeana,0.2,
~/Documents/My Projects/Things to Do/FINAL-PAPER-CNIR/05_datasets/europeana/images/_2048047_Clasate_08c649d6ebcb479d8ed5ade93299cf34.jpg,0.3113672733306885,europeana,0.2,
~/Documents/My Projects/Things to Do/FINAL-PAPER-CNIR/05_datasets/europeana/images/_22__99232.jpg,0.1596322804689407,europeana,0.2,
~/Documents/My Projects/Things to Do/FINAL-PAPER-CNIR/05_datasets/europeana/images/_2024904_https___www_topfoto_co_uk_asset_3024561.jpg,0.8481330275535583,europeana,0.6,
~/Documents/My Projects/Things to Do/FINAL-PAPER-CNIR/05_datasets/europeana/images/_951_Culturalia_272be1e3_dfb9_49d9_8d88_8b03d9c2aaf9.jpg,0.7101026177406311,europeana,0.2,
~/Documents/My Projects/Things to Do/FINAL-PAPER-CNIR/05_datasets/europeana/images/_2048047_Clasate_908d6e3218f74a21bb0e697eec5088a8.jpg,0.5281274318695068,europeana,0.4,
~/Documents/My Projects/Things to Do/FINAL-PAPER-CNIR/05_datasets/wikimedia/images/File_Boekarest_-_verschillende_gebouwen.jpg,1.1556792259216309,wikimedia,0.4,Boekarest - verschillende gebouwen.jpg
~/Documents/My Projects/Things to Do/FINAL-PAPER-CNIR/05_datasets/wikimedia/images/File_20140816_București_190.jpg,0.4623093903064728,wikimedia,0.4,20140816 București 190.jpg
~/Documents/My Projects/Things to Do/FINAL-PAPER-CNIR/05_datasets/wikimedia/images/File_Arhitektura_rumunjskog_glavnog_grada.jpg,0.7065409421920776,wikimedia,0.4,Arhitektura rumunjskog glavnog grada.jpg
~/Documents/My Projects/Things to Do/FINAL-PAPER-CNIR/05_datasets/wikimedia/images/File_Bucharest_-_10_Strada_Covaci.jpg,0.6767986416816711,wikimedia,0.4,Bucharest - 10 Strada Covaci.jpg
~/Documents/My Projects/Things to Do/FINAL-PAPER-CNIR/05_datasets/wikimedia/images/File_AleeaAlexandruNr5.JPG,0.809366762638092,wikimedia,0.4,AleeaAlexandruNr5.JPG
~/Documents/My Projects/Things to Do/FINAL-PAPER-CNIR/05_datasets/wikimedia/images/File_1timpuri-noivechi.webp,0.9497314095497132,wikimedia,0.4,1timpuri-noivechi.webp
~/Documents/My Projects/Things to Do/FINAL-PAPER-CNIR/05_datasets/wikimedia/images/File_Bucarest2508.JPG,0.672671377658844,wikimedia,0.4,Bucarest2508.JPG
~/Documents/My Projects/Things to Do/FINAL-PAPER-CNIR/05_datasets/wikimedia/images/File_Arhitektura_rumunjskoga_glavnog_grada.jpg,0.5229244232177734,wikimedia,0.4,Arhitektura rumunjskoga glavnog grada.jpg
~/Documents/My Projects/Things to Do/FINAL-PAPER-CNIR/05_datasets/wikimedia/images/File_20140702_Bucureşti_126.jpg,0.4722460210323334,wikimedia,0.4,20140702 Bucureşti 126.jpg
~/Documents/My Projects/Things to Do/FINAL-PAPER-CNIR/05_datasets/wikimedia/images/File_20140817_București_055.jpg,0.6264767646789551,wikimedia,0.4,20140817 București 055.jpg
~/Documents/My Projects/Things to Do/FINAL-PAPER-CNIR/05_datasets/wikimedia/images/File_Bucharest_-_Dâmbovița.jpg,1.280018925666809,wikimedia,0.4,Bucharest - Dâmbovița.jpg
~/Documents/My Projects/Things to Do/FINAL-PAPER-CNIR/05_datasets/wikimedia/images/File_Arhitektura_rumunjske_metropole.jpg,0.5886248350143433,wikimedia,0.4,Arhitektura rumunjske metropole.jpg
~/Documents/My Projects/Things to Do/FINAL-PAPER-CNIR/05_datasets/wikimedia/images/File_2017_Academia_oamenilor_de_stiinta.jpg,1.1543890237808228,wikimedia,0.4,2017 Academia oamenilor de stiinta.jpg
~/Documents/My Projects/Things to Do/FINAL-PAPER-CNIR/05_datasets/wikimedia/images/File_AleeaAlexandruNr40.JPG,0.6527403593063354,wikimedia,0.4,AleeaAlexandruNr40.JPG
~/Documents/My Projects/Things to Do/FINAL-PAPER-CNIR/05_datasets/wikimedia/images/File_Bucarest2506.jpg,0.6804408431053162,wikimedia,0.4,Bucarest2506.jpg
~/Documents/My Projects/Things to Do/FINAL-PAPER-CNIR/05_datasets/wikimedia/images/File_Bucharest_-_132_Strada_Vasile_Lascăr.jpg,0.7503198385238647,wikimedia,0.4,Bucharest - 132 Strada Vasile Lascăr.jpg
~/Documents/My Projects/Things to Do/FINAL-PAPER-CNIR/05_datasets/wikimedia/images/File_Bucharest_-_looking_west_into_Strada_Luminei_across_Strada_Vasile_Lascăr.jpg,0.7219368815422058,wikimedia,0.4,Bucharest - looking west into Strada Luminei across Strada Vasile Lascăr.jpg
~/Documents/My Projects/Things to Do/FINAL-PAPER-CNIR/05_datasets/wikimedia/images/File_Bd._Iancu_de_Hunedoara_-_Metropolis_Center.jpg,1.752654790878296,wikimedia,0.4,Bd. Iancu de Hunedoara - Metropolis Center.jpg
~/Documents/My Projects/Things to Do/FINAL-PAPER-CNIR/05_datasets/wikimedia/images/File_20140816_București_154.jpg,0.4276434481143951,wikimedia,0.4,20140816 București 154.jpg
~/Documents/My Projects/Things to Do/FINAL-PAPER-CNIR/05_datasets/wikimedia/images/File_Bucarest2593.JPG,0.4321731626987457,wikimedia,0.4,Bucarest2593.JPG
~/Documents/My Projects/Things to Do/FINAL-PAPER-CNIR/05_datasets/wikimedia/images/File_7_-_panoramio_-_eug.sim_(1).jpg,0.8445672392845154,wikimedia,0.4,7 - panoramio - eug.sim (1).jpg
~/Documents/My Projects/Things to Do/FINAL-PAPER-CNIR/05_datasets/wikimedia/images/File_Bucharest_(8272279711).jpg,0.6358477473258972,wikimedia,0.4,Bucharest (8272279711).jpg
~/Documents/My Projects/Things to Do/FINAL-PAPER-CNIR/05_datasets/wikimedia/images/File_Bucharest_-_buildings.jpg,1.0921247005462646,wikimedia,0.4,Bucharest - buildings.jpg
~/Documents/My Projects/Things to Do/FINAL-PAPER-CNIR/05_datasets/wikimedia/images/File_Aleea_Suter_(14716906225).jpg,0.6244115233421326,wikimedia,0.4,Aleea Suter (14716906225).jpg
"~/Documents/My Projects/Things to Do/FINAL-PAPER-CNIR/05_datasets/wikimedia/images/File_Arsenal,_Bukarest_-_Josef_Heu_-_1917.jpg",0.3755825161933899,wikimedia,0.4,"Arsenal, Bukarest - Josef Heu - 1917.jpg"
~/Documents/My Projects/Things to Do/FINAL-PAPER-CNIR/05_datasets/wikimedia/images/File_AleeaAlexandruNr34_(2).JPG,0.723838210105896,wikimedia,0.4,AleeaAlexandruNr34 (2).JPG
~/Documents/My Projects/Things to Do/FINAL-PAPER-CNIR/05_datasets/wikimedia/images/File_20140702_Bucureşti_135.jpg,1.1850426197052002,wikimedia,0.4,20140702 Bucureşti 135.jpg
~/Documents/My Projects/Things to Do/FINAL-PAPER-CNIR/05_datasets/wikimedia/images/File_AleeaAlexandruNr41.JPG,0.5770577192306519,wikimedia,0.4,AleeaAlexandruNr41.JPG
~/Documents/My Projects/Things to Do/FINAL-PAPER-CNIR/05_datasets/wikimedia/images/File_Bucarest3012.JPG,0.5848879814147949,wikimedia,0.4,Bucarest3012.JPG
~/Documents/My Projects/Things to Do/FINAL-PAPER-CNIR/05_datasets/wikimedia/images/File_Aici_sunt_banii_dumneavoastra_-_panoramio.jpg,0.7260224223136902,wikimedia,0.4,Aici sunt banii dumneavoastra - panoramio.jpg
~/Documents/My Projects/Things to Do/FINAL-PAPER-CNIR/05_datasets/wikimedia/images/File_Bucarest3003.JPG,0.6710083484649658,wikimedia,0.4,Bucarest3003.JPG
~/Documents/My Projects/Things to Do/FINAL-PAPER-CNIR/05_datasets/wikimedia/images/File_Bucharest_-_car_park.jpg,0.8935927748680115,wikimedia,0.4,Bucharest - car park.jpg
~/Documents/My Projects/Things to Do/FINAL-PAPER-CNIR/05_datasets/wikimedia/images/File_AleeaAlexandruNr34.JPG,0.6450272798538208,wikimedia,0.4,AleeaAlexandruNr34.JPG
~/Documents/My Projects/Things to Do/FINAL-PAPER-CNIR/05_datasets/wikimedia/images/File_Bucharest_-_north_corner_of_B-dul_Hristo_Botev_and_Calea_Moșilor.jpg,0.5981626510620117,wikimedia,0.4,Bucharest - north corner of B-dul Hristo Botev and Calea Moșilor.jpg
~/Documents/My Projects/Things to Do/FINAL-PAPER-CNIR/05_datasets/wikimedia/images/File_Arhitektura_rumunjskog_glavnog_grada_Bukurešta.jpg,0.548862874507904,wikimedia,0.4,Arhitektura rumunjskog glavnog grada Bukurešta.jpg
~/Documents/My Projects/Things to Do/FINAL-PAPER-CNIR/05_datasets/wikimedia/images/File_20140820_București_100.jpg,1.0091549158096311,wikimedia,0.4,20140820 București 100.jpg
~/Documents/My Projects/Things to Do/FINAL-PAPER-CNIR/05_datasets/wikimedia/images/File_Arhitektura_Bukurešta.jpg,1.0467098951339722,wikimedia,0.4,Arhitektura Bukurešta.jpg
~/Documents/My Projects/Things to Do/FINAL-PAPER-CNIR/05_datasets/wikimedia/images/File_20140702_Bucureşti_149.jpg,0.7996519804000854,wikimedia,0.4,20140702 Bucureşti 149.jpg
~/Documents/My Projects/Things to Do/FINAL-PAPER-CNIR/05_datasets/wikimedia/images/File_1-Raul_Mara_-_panoramio.jpg,0.9189610481262208,wikimedia,0.4,1-Raul Mara - panoramio.jpg
~/Documents/My Projects/Things to Do/FINAL-PAPER-CNIR/05_datasets/wikimedia/images/File_Bucarest3016.jpg,0.4536883234977722,wikimedia,0.4,Bucarest3016.jpg
~/Documents/My Projects/Things to Do/FINAL-PAPER-CNIR/05_datasets/wikimedia/images/File_Bucharest_-_Dec_2014_-_Strada_Italiana_01.jpg,1.1653650999069214,wikimedia,0.4,Bucharest - Dec 2014 - Strada Italiana 01.jpg
~/Documents/My Projects/Things to Do/FINAL-PAPER-CNIR/05_datasets/wikimedia/images/File_AleeaAlexandruNr22.JPG,0.8629968166351318,wikimedia,0.4,AleeaAlexandruNr22.JPG
~/Documents/My Projects/Things to Do/FINAL-PAPER-CNIR/05_datasets/wikimedia/images/File_Bucharest_-_34A_Strada_Lizeanu.jpg,0.845282793045044,wikimedia,0.4,Bucharest - 34A Strada Lizeanu.jpg
~/Documents/My Projects/Things to Do/FINAL-PAPER-CNIR/05_datasets/wikimedia/images/File_Arhitektura_rumunjske_metropole_Bukurešta.jpg,1.200841188430786,wikimedia,0.4,Arhitektura rumunjske metropole Bukurešta.jpg
~/Documents/My Projects/Things to Do/FINAL-PAPER-CNIR/05_datasets/wikimedia/images/File_Bucarest2590.JPG,0.3171083927154541,wikimedia,0.4,Bucarest2590.JPG
~/Documents/My Projects/Things to Do/FINAL-PAPER-CNIR/05_datasets/wikimedia/images/File_Bucarest2592.jpg,0.493594616651535,wikimedia,0.4,Bucarest2592.jpg
~/Documents/My Projects/Things to Do/FINAL-PAPER-CNIR/05_datasets/wikimedia/images/File_20260523_113146_May_2026_in_Bucharest.jpg,0.7747640013694763,wikimedia,0.4,20260523 113146 May 2026 in Bucharest.jpg
~/Documents/My Projects/Things to Do/FINAL-PAPER-CNIR/05_datasets/wikimedia/images/File_Bucarest2505.JPG,0.4511090517044067,wikimedia,0.4,Bucarest2505.JPG
~/Documents/My Projects/Things to Do/FINAL-PAPER-CNIR/05_datasets/wikimedia/images/File_20260523_142611_May_2026_in_Bucharest.jpg,0.8379084467887878,wikimedia,0.4,20260523 142611 May 2026 in Bucharest.jpg
