path,mse
~/Documents/My Projects/Things to Do/FINAL-PAPER-CNIR/05_datasets/tzigara/images/1-21.jpg,0.6266961097717285
~/Documents/My Projects/Things to Do/FINAL-PAPER-CNIR/05_datasets/tzigara/images/13-12.jpg,1.0572184324264526
~/Documents/My Projects/Things to Do/FINAL-PAPER-CNIR/05_datasets/tzigara/images/8-100.jpg,0.7531107068061829
~/Documents/My Projects/Things to Do/FINAL-PAPER-CNIR/05_datasets/tzigara/images/16-54.jpg,0.6454330682754517
~/Documents/My Projects/Things to Do/FINAL-PAPER-CNIR/05_datasets/tzigara/images/18-38.jpg,0.604692816734314
~/Documents/My Projects/Things to Do/FINAL-PAPER-CNIR/05_datasets/tzigara/images/15-58.jpg,0.7633330821990967
~/Documents/My Projects/Things to Do/FINAL-PAPER-CNIR/05_datasets/tzigara/images/14-61.jpg,1.3453943729400637
~/Documents/My Projects/Things to Do/FINAL-PAPER-CNIR/05_datasets/tzigara/images/15-101.jpg,0.7510956525802612
~/Documents/My Projects/Things to Do/FINAL-PAPER-CNIR/05_datasets/tzigara/images/15-26.jpg,0.416556566953659
~/Documents/My Projects/Things to Do/FINAL-PAPER-CNIR/05_datasets/tzigara/images/8-72.jpg,1.2272834777832031
~/Documents/My Projects/Things to Do/FINAL-PAPER-CNIR/05_datasets/tzigara/images/8-116.jpg,1.496878743171692
~/Documents/My Projects/Things to Do/FINAL-PAPER-CNIR/05_datasets/tzigara/images/14-73.jpg,0.8066299557685852
~/Documents/My Projects/Things to Do/FINAL-PAPER-CNIR/05_datasets/tzigara/images/9-92.jpg,1.150112867355347
~/Documents/My Projects/Things to Do/FINAL-PAPER-CNIR/05_datasets/tzigara/images/16-67.jpg,0.4855273365974426
~/Documents/My Projects/Things to Do/FINAL-PAPER-CNIR/05_datasets/tzigara/images/14-64.jpg,1.0097813606262207
~/Documents/My Projects/Things to Do/FINAL-PAPER-CNIR/05_datasets/tzigara/images/19-82.jpg,0.2708246409893036
~/Documents/My Projects/Things to Do/FINAL-PAPER-CNIR/05_datasets/tzigara/images/16-14.jpg,0.8200761675834656
~/Documents/My Projects/Things to Do/FINAL-PAPER-CNIR/05_datasets/tzigara/images/14-26.jpg,0.8341343998908997
~/Documents/My Projects/Things to Do/FINAL-PAPER-CNIR/05_datasets/tzigara/images/14-9.jpg,1.1911965608596802
~/Documents/My Projects/Things to Do/FINAL-PAPER-CNIR/05_datasets/tzigara/images/1-1.jpg,0.5497115850448608
~/Documents/My Projects/Things to Do/FINAL-PAPER-CNIR/05_datasets/tzigara/images/14-34.jpg,0.8550301790237427
~/Documents/My Projects/Things to Do/FINAL-PAPER-CNIR/05_datasets/tzigara/images/13-72.jpg,1.0442876815795898
~/Documents/My Projects/Things to Do/FINAL-PAPER-CNIR/05_datasets/tzigara/images/8-113.jpg,0.8855910301208496
~/Documents/My Projects/Things to Do/FINAL-PAPER-CNIR/05_datasets/tzigara/images/9-16.jpg,1.3220808506011963
~/Documents/My Projects/Things to Do/FINAL-PAPER-CNIR/05_datasets/tzigara/images/8-91.jpg,0.9120104312896729
~/Documents/My Projects/Things to Do/FINAL-PAPER-CNIR/05_datasets/tzigara/images/14-44.jpg,1.1265027523040771
~/Documents/My Projects/Things to Do/FINAL-PAPER-CNIR/05_datasets/tzigara/images/13-30.jpg,0.8976476788520813
~/Documents/My Projects/Things to Do/FINAL-PAPER-CNIR/05_datasets/tzigara/images/18-89.jpg,0.7663009166717529
~/Documents/My Projects/Things to Do/FINAL-PAPER-CNIR/05_datasets/tzigara/images/1-10.jpg,1.1025182008743286
~/Documents/My Projects/Things to Do/FINAL-PAPER-CNIR/05_datasets/tzigara/images/15-81.jpg,0.4628876149654388
~/Documents/My Projects/Things to Do/FINAL-PAPER-CNIR/05_datasets/tzigara/images/13-34.jpg,0.7617790699005127
~/Documents/My Projects/Things to Do/FINAL-PAPER-CNIR/05_datasets/tzigara/images/8-65.jpg,0.4516789317131042
~/Documents/My Projects/Things to Do/FINAL-PAPER-CNIR/05_datasets/tzigara/images/15-73.jpg,0.5046024322509766
~/Documents/My Projects/Things to Do/FINAL-PAPER-CNIR/05_datasets/tzigara/images/16-48.jpg,0.4943243563175201
~/Documents/My Projects/Things to Do/FINAL-PAPER-CNIR/05_datasets/tzigara/images/13-49.jpg,0.8568857312202454
~/Documents/My Projects/Things to Do/FINAL-PAPER-CNIR/05_datasets/tzigara/images/16-34.jpg,1.2071354389190674
~/Documents/My Projects/Things to Do/FINAL-PAPER-CNIR/05_datasets/tzigara/images/16-93.jpg,0.4483173787593841
~/Documents/My Projects/Things to Do/FINAL-PAPER-CNIR/05_datasets/tzigara/images/13-17.jpg,0.639504075050354
~/Documents/My Projects/Things to Do/FINAL-PAPER-CNIR/05_datasets/tzigara/images/15-77.jpg,1.1022224426269531
~/Documents/My Projects/Things to Do/FINAL-PAPER-CNIR/05_datasets/tzigara/images/1-34.jpg,0.5744131207466125
~/Documents/My Projects/Things to Do/FINAL-PAPER-CNIR/05_datasets/tzigara/images/1-6.jpg,0.5499320030212402
~/Documents/My Projects/Things to Do/FINAL-PAPER-CNIR/05_datasets/tzigara/images/16-10.jpg,0.7140479683876038
~/Documents/My Projects/Things to Do/FINAL-PAPER-CNIR/05_datasets/tzigara/images/17-58.jpg,0.9614262580871582
~/Documents/My Projects/Things to Do/FINAL-PAPER-CNIR/05_datasets/tzigara/images/18-48.jpg,0.8464734554290771
~/Documents/My Projects/Things to Do/FINAL-PAPER-CNIR/05_datasets/tzigara/images/14-51.jpg,0.5021074414253235
~/Documents/My Projects/Things to Do/FINAL-PAPER-CNIR/05_datasets/tzigara/images/1-12.jpg,0.9889448285102844
~/Documents/My Projects/Things to Do/FINAL-PAPER-CNIR/05_datasets/tzigara/images/13-27.jpg,0.7888436913490295
~/Documents/My Projects/Things to Do/FINAL-PAPER-CNIR/05_datasets/tzigara/images/14-91.jpg,0.921071231365204
~/Documents/My Projects/Things to Do/FINAL-PAPER-CNIR/05_datasets/tzigara/images/14-85.jpg,1.081606149673462
~/Documents/My Projects/Things to Do/FINAL-PAPER-CNIR/05_datasets/tzigara/images/16-15.jpg,0.4456780850887298
~/Documents/My Projects/Things to Do/FINAL-PAPER-CNIR/05_datasets/tzigara/images/18-71.jpg,0.6385418772697449
~/Documents/My Projects/Things to Do/FINAL-PAPER-CNIR/05_datasets/tzigara/images/15-72.jpg,0.7173047661781311
~/Documents/My Projects/Things to Do/FINAL-PAPER-CNIR/05_datasets/tzigara/images/9-96.jpg,0.6196339130401611
~/Documents/My Projects/Things to Do/FINAL-PAPER-CNIR/05_datasets/tzigara/images/13-61.jpg,1.0576993227005005
~/Documents/My Projects/Things to Do/FINAL-PAPER-CNIR/05_datasets/tzigara/images/8-97.jpg,0.4357045292854309
~/Documents/My Projects/Things to Do/FINAL-PAPER-CNIR/05_datasets/tzigara/images/14-20.jpg,0.6432279348373413
~/Documents/My Projects/Things to Do/FINAL-PAPER-CNIR/05_datasets/tzigara/images/12-41.jpg,0.7304392457008362
~/Documents/My Projects/Things to Do/FINAL-PAPER-CNIR/05_datasets/tzigara/images/14-11.jpg,0.6557955741882324
~/Documents/My Projects/Things to Do/FINAL-PAPER-CNIR/05_datasets/tzigara/images/17-2.jpg,0.7207939624786377
~/Documents/My Projects/Things to Do/FINAL-PAPER-CNIR/05_datasets/tzigara/images/16-13.jpg,0.8876747488975525
~/Documents/My Projects/Things to Do/FINAL-PAPER-CNIR/05_datasets/tzigara/images/17-57.jpg,0.4236114919185638
~/Documents/My Projects/Things to Do/FINAL-PAPER-CNIR/05_datasets/tzigara/images/12-59.jpg,0.3224085569381714
~/Documents/My Projects/Things to Do/FINAL-PAPER-CNIR/05_datasets/tzigara/images/15-85.jpg,0.3341269493103027
~/Documents/My Projects/Things to Do/FINAL-PAPER-CNIR/05_datasets/tzigara/images/8-95.jpg,1.1077178716659546
~/Documents/My Projects/Things to Do/FINAL-PAPER-CNIR/05_datasets/tzigara/images/13-33.jpg,1.0107241868972778
~/Documents/My Projects/Things to Do/FINAL-PAPER-CNIR/05_datasets/tzigara/images/1-17.jpg,0.921966314315796
~/Documents/My Projects/Things to Do/FINAL-PAPER-CNIR/05_datasets/tzigara/images/15-8.jpg,0.7506620287895203
~/Documents/My Projects/Things to Do/FINAL-PAPER-CNIR/05_datasets/tzigara/images/12-17.jpg,0.6548300981521606
~/Documents/My Projects/Things to Do/FINAL-PAPER-CNIR/05_datasets/tzigara/images/12-22.jpg,0.8021175861358643
~/Documents/My Projects/Things to Do/FINAL-PAPER-CNIR/05_datasets/tzigara/images/9-35.jpg,0.4801469147205353
~/Documents/My Projects/Things to Do/FINAL-PAPER-CNIR/05_datasets/tzigara/images/12-52.jpg,0.5282738208770752
~/Documents/My Projects/Things to Do/FINAL-PAPER-CNIR/05_datasets/tzigara/images/15-87.jpg,0.699449896812439
~/Documents/My Projects/Things to Do/FINAL-PAPER-CNIR/05_datasets/tzigara/images/14-89.jpg,1.1805351972579956
~/Documents/My Projects/Things to Do/FINAL-PAPER-CNIR/05_datasets/tzigara/images/1-39.jpg,0.7926297187805176
~/Documents/My Projects/Things to Do/FINAL-PAPER-CNIR/05_datasets/tzigara/images/13-7.jpg,0.5428261160850525
~/Documents/My Projects/Things to Do/FINAL-PAPER-CNIR/05_datasets/tzigara/images/18-54.jpg,1.0606675148010254
~/Documents/My Projects/Things to Do/FINAL-PAPER-CNIR/05_datasets/tzigara/images/13-86.jpg,0.8273482918739319
~/Documents/My Projects/Things to Do/FINAL-PAPER-CNIR/05_datasets/tzigara/images/16-79.jpg,1.033355474472046
~/Documents/My Projects/Things to Do/FINAL-PAPER-CNIR/05_datasets/tzigara/images/18-39.jpg,0.8436954617500305
~/Documents/My Projects/Things to Do/FINAL-PAPER-CNIR/05_datasets/tzigara/images/15-57.jpg,0.5493301153182983
~/Documents/My Projects/Things to Do/FINAL-PAPER-CNIR/05_datasets/tzigara/images/14-60.jpg,0.7390676140785217
~/Documents/My Projects/Things to Do/FINAL-PAPER-CNIR/05_datasets/tzigara/images/13-18.jpg,0.6753456592559814
~/Documents/My Projects/Things to Do/FINAL-PAPER-CNIR/05_datasets/tzigara/images/17-66.jpg,0.8162854909896851
~/Documents/My Projects/Things to Do/FINAL-PAPER-CNIR/05_datasets/tzigara/images/18-81.jpg,0.6365211009979248
~/Documents/My Projects/Things to Do/FINAL-PAPER-CNIR/05_datasets/tzigara/images/1-46.jpg,0.7368012070655823
~/Documents/My Projects/Things to Do/FINAL-PAPER-CNIR/05_datasets/tzigara/images/14-84.jpg,0.5768976807594299
~/Documents/My Projects/Things to Do/FINAL-PAPER-CNIR/05_datasets/tzigara/images/12-24.jpg,0.6126766800880432
~/Documents/My Projects/Things to Do/FINAL-PAPER-CNIR/05_datasets/tzigara/images/16-73.jpg,0.6650694608688354
~/Documents/My Projects/Things to Do/FINAL-PAPER-CNIR/05_datasets/tzigara/images/19-4.jpg,0.783820390701294
~/Documents/My Projects/Things to Do/FINAL-PAPER-CNIR/05_datasets/tzigara/images/17-26.jpg,0.8384513258934021
~/Documents/My Projects/Things to Do/FINAL-PAPER-CNIR/05_datasets/tzigara/images/1-28.jpg,0.4406638443470001
~/Documents/My Projects/Things to Do/FINAL-PAPER-CNIR/05_datasets/tzigara/images/1-49.jpg,0.4257605969905853
~/Documents/My Projects/Things to Do/FINAL-PAPER-CNIR/05_datasets/tzigara/images/9-51.jpg,0.3958840370178222
~/Documents/My Projects/Things to Do/FINAL-PAPER-CNIR/05_datasets/tzigara/images/12-32.jpg,0.6399784684181213
~/Documents/My Projects/Things to Do/FINAL-PAPER-CNIR/05_datasets/tzigara/images/1-14.jpg,0.868241548538208
~/Documents/My Projects/Things to Do/FINAL-PAPER-CNIR/05_datasets/tzigara/images/18-56.jpg,0.9821363091468812
~/Documents/My Projects/Things to Do/FINAL-PAPER-CNIR/05_datasets/tzigara/images/12-26.jpg,1.0476644039154053
~/Documents/My Projects/Things to Do/FINAL-PAPER-CNIR/05_datasets/tzigara/images/19-43.jpg,0.9034588932991028
~/Documents/My Projects/Things to Do/FINAL-PAPER-CNIR/05_datasets/tzigara/images/17-30.jpg,0.8241945505142212
~/Documents/My Projects/Things to Do/FINAL-PAPER-CNIR/05_datasets/tzigara/images/14-55.jpg,0.827186644077301
~/Documents/My Projects/Things to Do/FINAL-PAPER-CNIR/05_datasets/tzigara/images/9-5.jpg,0.955848515033722
~/Documents/My Projects/Things to Do/FINAL-PAPER-CNIR/05_datasets/tzigara/images/1-70.jpg,0.4811405837535858
~/Documents/My Projects/Things to Do/FINAL-PAPER-CNIR/05_datasets/tzigara/images/16-83.jpg,0.5076003670692444
~/Documents/My Projects/Things to Do/FINAL-PAPER-CNIR/05_datasets/tzigara/images/9-15.jpg,0.9813576936721802
~/Documents/My Projects/Things to Do/FINAL-PAPER-CNIR/05_datasets/tzigara/images/12-13.jpg,0.6896236538887024
~/Documents/My Projects/Things to Do/FINAL-PAPER-CNIR/05_datasets/tzigara/images/13-26.jpg,1.1758019924163818
~/Documents/My Projects/Things to Do/FINAL-PAPER-CNIR/05_datasets/tzigara/images/9-19.jpg,1.0691745281219482
~/Documents/My Projects/Things to Do/FINAL-PAPER-CNIR/05_datasets/tzigara/images/18-37.jpg,0.9140951633453368
~/Documents/My Projects/Things to Do/FINAL-PAPER-CNIR/05_datasets/tzigara/images/14-39.jpg,0.944472312927246
~/Documents/My Projects/Things to Do/FINAL-PAPER-CNIR/05_datasets/tzigara/images/17-19.jpg,0.5117582082748413
~/Documents/My Projects/Things to Do/FINAL-PAPER-CNIR/05_datasets/tzigara/images/18-50.jpg,0.7921448349952698
~/Documents/My Projects/Things to Do/FINAL-PAPER-CNIR/05_datasets/tzigara/images/14-92.jpg,1.1874827146530151
~/Documents/My Projects/Things to Do/FINAL-PAPER-CNIR/05_datasets/tzigara/images/9-25.jpg,1.5986653566360474
~/Documents/My Projects/Things to Do/FINAL-PAPER-CNIR/05_datasets/tzigara/images/15-55.jpg,0.9570507407188416
~/Documents/My Projects/Things to Do/FINAL-PAPER-CNIR/05_datasets/tzigara/images/16-69.jpg,0.8670522570610046
~/Documents/My Projects/Things to Do/FINAL-PAPER-CNIR/05_datasets/tzigara/images/16-51.jpg,0.7172943949699402
~/Documents/My Projects/Things to Do/FINAL-PAPER-CNIR/05_datasets/tzigara/images/16-17.jpg,0.7061885595321655
~/Documents/My Projects/Things to Do/FINAL-PAPER-CNIR/05_datasets/tzigara/images/17-16.jpg,0.4109825491905212
~/Documents/My Projects/Things to Do/FINAL-PAPER-CNIR/05_datasets/tzigara/images/16-90.jpg,0.5417500734329224
~/Documents/My Projects/Things to Do/FINAL-PAPER-CNIR/05_datasets/tzigara/images/15-61.jpg,0.8031883835792542
~/Documents/My Projects/Things to Do/FINAL-PAPER-CNIR/05_datasets/tzigara/images/15-70.jpg,0.648573100566864
~/Documents/My Projects/Things to Do/FINAL-PAPER-CNIR/05_datasets/tzigara/images/16-81.jpg,0.5733145475387573
~/Documents/My Projects/Things to Do/FINAL-PAPER-CNIR/05_datasets/tzigara/images/16-26.jpg,0.432684063911438
~/Documents/My Projects/Things to Do/FINAL-PAPER-CNIR/05_datasets/tzigara/images/14-22.jpg,0.5538636445999146
~/Documents/My Projects/Things to Do/FINAL-PAPER-CNIR/05_datasets/tzigara/images/17-32.jpg,0.7953004240989685
~/Documents/My Projects/Things to Do/FINAL-PAPER-CNIR/05_datasets/tzigara/images/15-3.jpg,0.6198031902313232
~/Documents/My Projects/Things to Do/FINAL-PAPER-CNIR/05_datasets/tzigara/images/12-49.jpg,0.7706547975540161
~/Documents/My Projects/Things to Do/FINAL-PAPER-CNIR/05_datasets/tzigara/images/12-23.jpg,0.6992039680480957
~/Documents/My Projects/Things to Do/FINAL-PAPER-CNIR/05_datasets/tzigara/images/8-70.jpg,0.8757435083389282
~/Documents/My Projects/Things to Do/FINAL-PAPER-CNIR/05_datasets/tzigara/images/12-55.jpg,0.6476691961288452
~/Documents/My Projects/Things to Do/FINAL-PAPER-CNIR/05_datasets/tzigara/images/15-64.jpg,0.2701627314090729
~/Documents/My Projects/Things to Do/FINAL-PAPER-CNIR/05_datasets/tzigara/images/17-29.jpg,0.6251672506332397
~/Documents/My Projects/Things to Do/FINAL-PAPER-CNIR/05_datasets/tzigara/images/14-58.jpg,1.0124561786651611
~/Documents/My Projects/Things to Do/FINAL-PAPER-CNIR/05_datasets/tzigara/images/1-67.jpg,1.0936627388000488
~/Documents/My Projects/Things to Do/FINAL-PAPER-CNIR/05_datasets/tzigara/images/18-59.jpg,0.5772653818130493
~/Documents/My Projects/Things to Do/FINAL-PAPER-CNIR/05_datasets/tzigara/images/14-16.jpg,0.9380033016204834
~/Documents/My Projects/Things to Do/FINAL-PAPER-CNIR/05_datasets/tzigara/images/18-69.jpg,0.7866472601890564
~/Documents/My Projects/Things to Do/FINAL-PAPER-CNIR/05_datasets/tzigara/images/17-22.jpg,0.5511900186538696
~/Documents/My Projects/Things to Do/FINAL-PAPER-CNIR/05_datasets/tzigara/images/15-36.jpg,0.3339460790157318
~/Documents/My Projects/Things to Do/FINAL-PAPER-CNIR/05_datasets/tzigara/images/15-78.jpg,0.6738491058349609
~/Documents/My Projects/Things to Do/FINAL-PAPER-CNIR/05_datasets/tzigara/images/16-64.jpg,0.5305628180503845
~/Documents/My Projects/Things to Do/FINAL-PAPER-CNIR/05_datasets/tzigara/images/17-40.jpg,0.8752396702766418
~/Documents/My Projects/Things to Do/FINAL-PAPER-CNIR/05_datasets/tzigara/images/15-40.jpg,0.3509968221187591
~/Documents/My Projects/Things to Do/FINAL-PAPER-CNIR/05_datasets/tzigara/images/12-83.jpg,0.96676903963089
~/Documents/My Projects/Things to Do/FINAL-PAPER-CNIR/05_datasets/tzigara/images/13-14.jpg,0.857007622718811
~/Documents/My Projects/Things to Do/FINAL-PAPER-CNIR/05_datasets/tzigara/images/16-32.jpg,0.6926906108856201
~/Documents/My Projects/Things to Do/FINAL-PAPER-CNIR/05_datasets/tzigara/images/9-54.jpg,0.5571552515029907
~/Documents/My Projects/Things to Do/FINAL-PAPER-CNIR/05_datasets/tzigara/images/18-68.jpg,1.1718238592147827
~/Documents/My Projects/Things to Do/FINAL-PAPER-CNIR/05_datasets/tzigara/images/9-23.jpg,1.172858953475952
~/Documents/My Projects/Things to Do/FINAL-PAPER-CNIR/05_datasets/tzigara/images/12-44.jpg,0.5791432857513428
~/Documents/My Projects/Things to Do/FINAL-PAPER-CNIR/05_datasets/tzigara/images/14-87.jpg,0.6863053441047668
~/Documents/My Projects/Things to Do/FINAL-PAPER-CNIR/05_datasets/tzigara/images/8-81.jpg,0.7872334122657776
~/Documents/My Projects/Things to Do/FINAL-PAPER-CNIR/05_datasets/tzigara/images/16-30.jpg,0.4886476695537567
~/Documents/My Projects/Things to Do/FINAL-PAPER-CNIR/05_datasets/tzigara/images/18-65.jpg,0.7273504137992859
~/Documents/My Projects/Things to Do/FINAL-PAPER-CNIR/05_datasets/tzigara/images/14-19.jpg,0.5849484801292419
~/Documents/My Projects/Things to Do/FINAL-PAPER-CNIR/05_datasets/tzigara/images/8-66.jpg,1.3349424600601196
~/Documents/My Projects/Things to Do/FINAL-PAPER-CNIR/05_datasets/tzigara/images/8-98.jpg,0.8434100151062012
~/Documents/My Projects/Things to Do/FINAL-PAPER-CNIR/05_datasets/tzigara/images/9-10.jpg,0.9484696984291076
~/Documents/My Projects/Things to Do/FINAL-PAPER-CNIR/05_datasets/tzigara/images/17-59.jpg,0.6411643028259277
~/Documents/My Projects/Things to Do/FINAL-PAPER-CNIR/05_datasets/tzigara/images/14-67.jpg,1.0991578102111816
~/Documents/My Projects/Things to Do/FINAL-PAPER-CNIR/05_datasets/tzigara/images/15-52.jpg,0.388018786907196
~/Documents/My Projects/Things to Do/FINAL-PAPER-CNIR/05_datasets/tzigara/images/16-98.jpg,0.8032100796699524
~/Documents/My Projects/Things to Do/FINAL-PAPER-CNIR/05_datasets/tzigara/images/13-56.jpg,1.0101521015167236
~/Documents/My Projects/Things to Do/FINAL-PAPER-CNIR/05_datasets/tzigara/images/1-8.jpg,0.3625940084457397
~/Documents/My Projects/Things to Do/FINAL-PAPER-CNIR/05_datasets/tzigara/images/16-8.jpg,0.671298623085022
~/Documents/My Projects/Things to Do/FINAL-PAPER-CNIR/05_datasets/tzigara/images/8-73.jpg,1.4381898641586304
~/Documents/My Projects/Things to Do/FINAL-PAPER-CNIR/05_datasets/tzigara/images/13-71.jpg,1.0332521200180054
~/Documents/My Projects/Things to Do/FINAL-PAPER-CNIR/05_datasets/tzigara/images/13-83.jpg,1.0773259401321411
~/Documents/My Projects/Things to Do/FINAL-PAPER-CNIR/05_datasets/tzigara/images/14-53.jpg,0.4665989279747009
~/Documents/My Projects/Things to Do/FINAL-PAPER-CNIR/05_datasets/tzigara/images/1-62.jpg,0.3635860383510589
~/Documents/My Projects/Things to Do/FINAL-PAPER-CNIR/05_datasets/tzigara/images/18-24.jpg,1.0013887882232666
~/Documents/My Projects/Things to Do/FINAL-PAPER-CNIR/05_datasets/tzigara/images/14-6.jpg,0.7529894709587097
~/Documents/My Projects/Things to Do/FINAL-PAPER-CNIR/05_datasets/tzigara/images/15-42.jpg,0.6916664838790894
~/Documents/My Projects/Things to Do/FINAL-PAPER-CNIR/05_datasets/tzigara/images/14-4.jpg,1.4891527891159058
~/Documents/My Projects/Things to Do/FINAL-PAPER-CNIR/05_datasets/tzigara/images/16-99.jpg,0.5162836909294128
~/Documents/My Projects/Things to Do/FINAL-PAPER-CNIR/05_datasets/tzigara/images/16-74.jpg,0.7217497825622559
~/Documents/My Projects/Things to Do/FINAL-PAPER-CNIR/05_datasets/tzigara/images/17-86.jpg,0.9040738940238952
~/Documents/My Projects/Things to Do/FINAL-PAPER-CNIR/05_datasets/tzigara/images/16-77.jpg,0.5446686744689941
~/Documents/My Projects/Things to Do/FINAL-PAPER-CNIR/05_datasets/tzigara/images/15-69.jpg,0.4685294032096863
~/Documents/My Projects/Things to Do/FINAL-PAPER-CNIR/05_datasets/tzigara/images/15-86.jpg,0.946720004081726
~/Documents/My Projects/Things to Do/FINAL-PAPER-CNIR/05_datasets/tzigara/images/16-87.jpg,0.453440397977829
~/Documents/My Projects/Things to Do/FINAL-PAPER-CNIR/05_datasets/tzigara/images/13-25.jpg,0.7596444487571716
~/Documents/My Projects/Things to Do/FINAL-PAPER-CNIR/05_datasets/tzigara/images/15-13.jpg,0.8040011525154114
~/Documents/My Projects/Things to Do/FINAL-PAPER-CNIR/05_datasets/tzigara/images/18-90.jpg,0.7301471829414368
~/Documents/My Projects/Things to Do/FINAL-PAPER-CNIR/05_datasets/tzigara/images/14-45.jpg,0.8813313245773315
~/Documents/My Projects/Things to Do/FINAL-PAPER-CNIR/05_datasets/tzigara/images/9-27.jpg,1.1894936561584473
~/Documents/My Projects/Things to Do/FINAL-PAPER-CNIR/05_datasets/tzigara/images/1-27.jpg,0.4554826915264129
~/Documents/My Projects/Things to Do/FINAL-PAPER-CNIR/05_datasets/tzigara/images/8-71.jpg,1.195384502410889
~/Documents/My Projects/Things to Do/FINAL-PAPER-CNIR/05_datasets/tzigara/images/14-74.jpg,1.4379502534866333
~/Documents/My Projects/Things to Do/FINAL-PAPER-CNIR/05_datasets/tzigara/images/14-52.jpg,0.8771799206733704
~/Documents/My Projects/Things to Do/FINAL-PAPER-CNIR/05_datasets/tzigara/images/15-88.jpg,0.361471563577652
~/Documents/My Projects/Things to Do/FINAL-PAPER-CNIR/05_datasets/tzigara/images/16-3.jpg,0.5344057679176331
~/Documents/My Projects/Things to Do/FINAL-PAPER-CNIR/05_datasets/tzigara/images/8-90.jpg,0.7176422476768494
~/Documents/My Projects/Things to Do/FINAL-PAPER-CNIR/05_datasets/tzigara/images/11-91.jpg,1.3973816633224487
~/Documents/My Projects/Things to Do/FINAL-PAPER-CNIR/05_datasets/tzigara/images/16-6.jpg,0.6284292936325073
~/Documents/My Projects/Things to Do/FINAL-PAPER-CNIR/05_datasets/tzigara/images/13-48.jpg,1.0680336952209473
~/Documents/My Projects/Things to Do/FINAL-PAPER-CNIR/05_datasets/tzigara/images/13-2.jpg,1.781486988067627
~/Documents/My Projects/Things to Do/FINAL-PAPER-CNIR/05_datasets/tzigara/images/15-32.jpg,0.3550759255886078
~/Documents/My Projects/Things to Do/FINAL-PAPER-CNIR/05_datasets/tzigara/images/8-78.jpg,0.677807629108429
~/Documents/My Projects/Things to Do/FINAL-PAPER-CNIR/05_datasets/tzigara/images/17-34.jpg,0.7896689772605896
~/Documents/My Projects/Things to Do/FINAL-PAPER-CNIR/05_datasets/tzigara/images/15-49.jpg,0.4359711110591888
~/Documents/My Projects/Things to Do/FINAL-PAPER-CNIR/05_datasets/tzigara/images/14-8.jpg,0.700233519077301
~/Documents/My Projects/Things to Do/FINAL-PAPER-CNIR/05_datasets/tzigara/images/13-36.jpg,0.7113059163093567
~/Documents/My Projects/Things to Do/FINAL-PAPER-CNIR/05_datasets/tzigara/images/16-45.jpg,0.4252726137638092
~/Documents/My Projects/Things to Do/FINAL-PAPER-CNIR/05_datasets/tzigara/images/13-51.jpg,0.7957009077072144
~/Documents/My Projects/Things to Do/FINAL-PAPER-CNIR/05_datasets/tzigara/images/16-23.jpg,1.0483025312423706
~/Documents/My Projects/Things to Do/FINAL-PAPER-CNIR/05_datasets/tzigara/images/15-71.jpg,0.693003237247467
~/Documents/My Projects/Things to Do/FINAL-PAPER-CNIR/05_datasets/tzigara/images/18-45.jpg,1.2869212627410889
~/Documents/My Projects/Things to Do/FINAL-PAPER-CNIR/05_datasets/tzigara/images/13-64.jpg,0.829190731048584
~/Documents/My Projects/Things to Do/FINAL-PAPER-CNIR/05_datasets/tzigara/images/9-40.jpg,0.6975438594818115
~/Documents/My Projects/Things to Do/FINAL-PAPER-CNIR/05_datasets/tzigara/images/1-44.jpg,0.671452522277832
~/Documents/My Projects/Things to Do/FINAL-PAPER-CNIR/05_datasets/tzigara/images/15-1.jpg,0.6643080711364746
~/Documents/My Projects/Things to Do/FINAL-PAPER-CNIR/05_datasets/tzigara/images/17-52.jpg,0.617034375667572
~/Documents/My Projects/Things to Do/FINAL-PAPER-CNIR/05_datasets/tzigara/images/14-5.jpg,0.8480188250541687
~/Documents/My Projects/Things to Do/FINAL-PAPER-CNIR/05_datasets/tzigara/images/8-67.jpg,0.7667939066886902
~/Documents/My Projects/Things to Do/FINAL-PAPER-CNIR/05_datasets/tzigara/images/9-21.jpg,0.9756023287773132
~/Documents/My Projects/Things to Do/FINAL-PAPER-CNIR/05_datasets/tzigara/images/15-92.jpg,0.6265368461608887
~/Documents/My Projects/Things to Do/FINAL-PAPER-CNIR/05_datasets/tzigara/images/18-84.jpg,0.7172101140022278
~/Documents/My Projects/Things to Do/FINAL-PAPER-CNIR/05_datasets/tzigara/images/15-54.jpg,0.3578463196754455
~/Documents/My Projects/Things to Do/FINAL-PAPER-CNIR/05_datasets/tzigara/images/19-7.jpg,1.4671095609664917
~/Documents/My Projects/Things to Do/FINAL-PAPER-CNIR/05_datasets/tzigara/images/14-50.jpg,0.986862063407898
~/Documents/My Projects/Things to Do/FINAL-PAPER-CNIR/05_datasets/tzigara/images/13-41.jpg,0.864051878452301
~/Documents/My Projects/Things to Do/FINAL-PAPER-CNIR/05_datasets/tzigara/images/8-84.jpg,0.9256386160850524
~/Documents/My Projects/Things to Do/FINAL-PAPER-CNIR/05_datasets/tzigara/images/17-55.jpg,0.336555540561676
~/Documents/My Projects/Things to Do/FINAL-PAPER-CNIR/05_datasets/tzigara/images/1-9.jpg,0.7869968414306641
~/Documents/My Projects/Things to Do/FINAL-PAPER-CNIR/05_datasets/tzigara/images/14-80.jpg,0.6315180063247681
~/Documents/My Projects/Things to Do/FINAL-PAPER-CNIR/05_datasets/tzigara/images/16-4.jpg,0.644917905330658
~/Documents/My Projects/Things to Do/FINAL-PAPER-CNIR/05_datasets/tzigara/images/8-96.jpg,1.6168495416641235
~/Documents/My Projects/Things to Do/FINAL-PAPER-CNIR/05_datasets/tzigara/images/11-93.jpg,1.4048141241073608
~/Documents/My Projects/Things to Do/FINAL-PAPER-CNIR/05_datasets/tzigara/images/16-95.jpg,0.4815260469913482
~/Documents/My Projects/Things to Do/FINAL-PAPER-CNIR/05_datasets/tzigara/images/1-36.jpg,0.414876639842987
~/Documents/My Projects/Things to Do/FINAL-PAPER-CNIR/05_datasets/tzigara/images/13-58.jpg,0.8960571885108948
~/Documents/My Projects/Things to Do/FINAL-PAPER-CNIR/05_datasets/tzigara/images/18-72.jpg,0.8859461545944214
~/Documents/My Projects/Things to Do/FINAL-PAPER-CNIR/05_datasets/tzigara/images/17-12.jpg,0.6207003593444824
~/Documents/My Projects/Things to Do/FINAL-PAPER-CNIR/05_datasets/tzigara/images/13-90.jpg,0.7338565587997437
~/Documents/My Projects/Things to Do/FINAL-PAPER-CNIR/05_datasets/tzigara/images/14-88.jpg,1.2087411880493164
~/Documents/My Projects/Things to Do/FINAL-PAPER-CNIR/05_datasets/tzigara/images/12-4.jpg,0.5511898994445801
~/Documents/My Projects/Things to Do/FINAL-PAPER-CNIR/05_datasets/tzigara/images/8-75.jpg,1.0914068222045898
~/Documents/My Projects/Things to Do/FINAL-PAPER-CNIR/05_datasets/tzigara/images/12-47.jpg,0.6916056871414185
~/Documents/My Projects/Things to Do/FINAL-PAPER-CNIR/05_datasets/tzigara/images/1-15.jpg,0.7878271341323853
~/Documents/My Projects/Things to Do/FINAL-PAPER-CNIR/05_datasets/tzigara/images/13-39.jpg,0.564071774482727
~/Documents/My Projects/Things to Do/FINAL-PAPER-CNIR/05_datasets/tzigara/images/9-33.jpg,0.4898349344730377
~/Documents/My Projects/Things to Do/FINAL-PAPER-CNIR/05_datasets/tzigara/images/8-63.jpg,1.3399440050125122
~/Documents/My Projects/Things to Do/FINAL-PAPER-CNIR/05_datasets/tzigara/images/9-29.jpg,0.7840350270271301
~/Documents/My Projects/Things to Do/FINAL-PAPER-CNIR/05_datasets/tzigara/images/1-60.jpg,0.4301653504371643
~/Documents/My Projects/Things to Do/FINAL-PAPER-CNIR/05_datasets/tzigara/images/14-57.jpg,1.3838229179382324
~/Documents/My Projects/Things to Do/FINAL-PAPER-CNIR/05_datasets/tzigara/images/20-146.jpg,0.8673170208930969
~/Documents/My Projects/Things to Do/FINAL-PAPER-CNIR/05_datasets/tzigara/images/16-9.jpg,0.6374203562736511
~/Documents/My Projects/Things to Do/FINAL-PAPER-CNIR/05_datasets/tzigara/images/18-82.jpg,0.6202071905136108
~/Documents/My Projects/Things to Do/FINAL-PAPER-CNIR/05_datasets/tzigara/images/17-10.jpg,0.3943069875240326
~/Documents/My Projects/Things to Do/FINAL-PAPER-CNIR/05_datasets/tzigara/images/8-82.jpg,0.9937596321105956
~/Documents/My Projects/Things to Do/FINAL-PAPER-CNIR/05_datasets/tzigara/images/1-69.jpg,0.7218186259269714
~/Documents/My Projects/Things to Do/FINAL-PAPER-CNIR/05_datasets/tzigara/images/9-50.jpg,0.4287247657775879
~/Documents/My Projects/Things to Do/FINAL-PAPER-CNIR/05_datasets/tzigara/images/8-87.jpg,1.266593098640442
~/Documents/My Projects/Things to Do/FINAL-PAPER-CNIR/05_datasets/tzigara/images/13-87.jpg,0.8130134344100952
~/Documents/My Projects/Things to Do/FINAL-PAPER-CNIR/05_datasets/tzigara/images/15-10.jpg,0.4865424633026123
~/Documents/My Projects/Things to Do/FINAL-PAPER-CNIR/05_datasets/tzigara/images/9-32.jpg,0.6702473759651184
~/Documents/My Projects/Things to Do/FINAL-PAPER-CNIR/05_datasets/tzigara/images/13-50.jpg,1.089465856552124
~/Documents/My Projects/Things to Do/FINAL-PAPER-CNIR/05_datasets/tzigara/images/16-72.jpg,0.8543466329574585
~/Documents/My Projects/Things to Do/FINAL-PAPER-CNIR/05_datasets/tzigara/images/12-39.jpg,1.1739391088485718
~/Documents/My Projects/Things to Do/FINAL-PAPER-CNIR/05_datasets/tzigara/images/18-79.jpg,0.7380462288856506
~/Documents/My Projects/Things to Do/FINAL-PAPER-CNIR/05_datasets/tzigara/images/8-115.jpg,0.7025983929634094
~/Documents/My Projects/Things to Do/FINAL-PAPER-CNIR/05_datasets/tzigara/images/17-14.jpg,0.4297482073307037
~/Documents/My Projects/Things to Do/FINAL-PAPER-CNIR/05_datasets/tzigara/images/8-69.jpg,1.0441142320632937
~/Documents/My Projects/Things to Do/FINAL-PAPER-CNIR/05_datasets/tzigara/images/1-30.jpg,0.5115863680839539
~/Documents/My Projects/Things to Do/FINAL-PAPER-CNIR/05_datasets/tzigara/images/9-46.jpg,0.6778019666671753
~/Documents/My Projects/Things to Do/FINAL-PAPER-CNIR/05_datasets/tzigara/images/16-71.jpg,0.7458869814872742
~/Documents/My Projects/Things to Do/FINAL-PAPER-CNIR/05_datasets/tzigara/images/17-39.jpg,0.3905577361583709
~/Documents/My Projects/Things to Do/FINAL-PAPER-CNIR/05_datasets/tzigara/images/15-25.jpg,0.6814824938774109
~/Documents/My Projects/Things to Do/FINAL-PAPER-CNIR/05_datasets/tzigara/images/1-20.jpg,0.8146265745162964
~/Documents/My Projects/Things to Do/FINAL-PAPER-CNIR/05_datasets/tzigara/images/9-102.jpg,0.5161211490631104
~/Documents/My Projects/Things to Do/FINAL-PAPER-CNIR/05_datasets/tzigara/images/8-94.jpg,0.531112790107727
~/Documents/My Projects/Things to Do/FINAL-PAPER-CNIR/05_datasets/tzigara/images/16-78.jpg,0.9083662629127502
~/Documents/My Projects/Things to Do/FINAL-PAPER-CNIR/05_datasets/tzigara/images/18-62.jpg,0.7100663185119629
~/Documents/My Projects/Things to Do/FINAL-PAPER-CNIR/05_datasets/tzigara/images/16-5.jpg,0.6708648204803467
~/Documents/My Projects/Things to Do/FINAL-PAPER-CNIR/05_datasets/tzigara/images/15-31.jpg,0.4187568128108978
~/Documents/My Projects/Things to Do/FINAL-PAPER-CNIR/05_datasets/tzigara/images/12-37.jpg,0.8703203201293945
~/Documents/My Projects/Things to Do/FINAL-PAPER-CNIR/05_datasets/tzigara/images/8-77.jpg,0.8720433115959167
~/Documents/My Projects/Things to Do/FINAL-PAPER-CNIR/05_datasets/tzigara/images/12-1.jpg,0.4978479444980621
~/Documents/My Projects/Things to Do/FINAL-PAPER-CNIR/05_datasets/tzigara/images/16-35.jpg,0.5749713778495789
~/Documents/My Projects/Things to Do/FINAL-PAPER-CNIR/05_datasets/tzigara/images/15-35.jpg,0.40772145986557
~/Documents/My Projects/Things to Do/FINAL-PAPER-CNIR/05_datasets/tzigara/images/14-54.jpg,1.0989400148391724
~/Documents/My Projects/Things to Do/FINAL-PAPER-CNIR/05_datasets/tzigara/images/17-1.jpg,0.819068193435669
~/Documents/My Projects/Things to Do/FINAL-PAPER-CNIR/05_datasets/tzigara/images/17-47.jpg,0.9945354461669922
~/Documents/My Projects/Things to Do/FINAL-PAPER-CNIR/05_datasets/tzigara/images/18-43.jpg,0.5027948021888733
~/Documents/My Projects/Things to Do/FINAL-PAPER-CNIR/05_datasets/tzigara/images/15-2.jpg,0.5006507039070129
~/Documents/My Projects/Things to Do/FINAL-PAPER-CNIR/05_datasets/tzigara/images/18-40.jpg,0.977306306362152
~/Documents/My Projects/Things to Do/FINAL-PAPER-CNIR/05_datasets/tzigara/images/1-50.jpg,1.085485816001892
~/Documents/My Projects/Things to Do/FINAL-PAPER-CNIR/05_datasets/tzigara/images/1-37.jpg,0.2663193047046661
~/Documents/My Projects/Things to Do/FINAL-PAPER-CNIR/05_datasets/tzigara/images/16-57.jpg,0.6608215570449829
~/Documents/My Projects/Things to Do/FINAL-PAPER-CNIR/05_datasets/tzigara/images/18-41.jpg,0.5886632800102234
~/Documents/My Projects/Things to Do/FINAL-PAPER-CNIR/05_datasets/tzigara/images/15-66.jpg,0.3820197880268097
~/Documents/My Projects/Things to Do/FINAL-PAPER-CNIR/05_datasets/tzigara/images/13-85.jpg,0.4319983720779419
~/Documents/My Projects/Things to Do/FINAL-PAPER-CNIR/05_datasets/tzigara/images/15-84.jpg,0.3692646920681
~/Documents/My Projects/Things to Do/FINAL-PAPER-CNIR/05_datasets/tzigara/images/9-52.jpg,0.6434261202812195
~/Documents/My Projects/Things to Do/FINAL-PAPER-CNIR/05_datasets/tzigara/images/16-94.jpg,0.3173457682132721
~/Documents/My Projects/Things to Do/FINAL-PAPER-CNIR/05_datasets/tzigara/images/19-81.jpg,0.7474513053894043
~/Documents/My Projects/Things to Do/FINAL-PAPER-CNIR/05_datasets/tzigara/images/13-44.jpg,1.042922019958496
~/Documents/My Projects/Things to Do/FINAL-PAPER-CNIR/05_datasets/tzigara/images/8-68.jpg,0.663748562335968
~/Documents/My Projects/Things to Do/FINAL-PAPER-CNIR/05_datasets/tzigara/images/1-43.jpg,0.4766929149627685
~/Documents/My Projects/Things to Do/FINAL-PAPER-CNIR/05_datasets/tzigara/images/15-53.jpg,0.4546529054641723
~/Documents/My Projects/Things to Do/FINAL-PAPER-CNIR/05_datasets/tzigara/images/16-61.jpg,0.6994179487228394
~/Documents/My Projects/Things to Do/FINAL-PAPER-CNIR/05_datasets/tzigara/images/12-48.jpg,0.7800259590148926
~/Documents/My Projects/Things to Do/FINAL-PAPER-CNIR/05_datasets/tzigara/images/9-31.jpg,0.596511721611023
~/Documents/My Projects/Things to Do/FINAL-PAPER-CNIR/05_datasets/tzigara/images/8-109.jpg,0.5187619924545288
~/Documents/My Projects/Things to Do/FINAL-PAPER-CNIR/05_datasets/tzigara/images/16-7.jpg,0.8836349844932556
~/Documents/My Projects/Things to Do/FINAL-PAPER-CNIR/05_datasets/tzigara/images/18-63.jpg,0.5295475721359253
~/Documents/My Projects/Things to Do/FINAL-PAPER-CNIR/05_datasets/tzigara/images/14-18.jpg,0.9855400323867798
~/Documents/My Projects/Things to Do/FINAL-PAPER-CNIR/05_datasets/tzigara/images/1-56.jpg,0.3724893629550934
~/Documents/My Projects/Things to Do/FINAL-PAPER-CNIR/05_datasets/tzigara/images/8-112.jpg,0.9624128937721252
~/Documents/My Projects/Things to Do/FINAL-PAPER-CNIR/05_datasets/tzigara/images/13-53.jpg,1.0453734397888184
~/Documents/My Projects/Things to Do/FINAL-PAPER-CNIR/05_datasets/tzigara/images/12-19.jpg,0.6517499685287476
~/Documents/My Projects/Things to Do/FINAL-PAPER-CNIR/05_datasets/tzigara/images/1-52.jpg,0.4702095985412597
~/Documents/My Projects/Things to Do/FINAL-PAPER-CNIR/05_datasets/tzigara/images/14-62.jpg,0.5880692601203918
~/Documents/My Projects/Things to Do/FINAL-PAPER-CNIR/05_datasets/tzigara/images/1-16.jpg,1.098900556564331
~/Documents/My Projects/Things to Do/FINAL-PAPER-CNIR/05_datasets/tzigara/images/14-56.jpg,1.3876633644104004
~/Documents/My Projects/Things to Do/FINAL-PAPER-CNIR/05_datasets/tzigara/images/14-14.jpg,0.8089568018913269
~/Documents/My Projects/Things to Do/FINAL-PAPER-CNIR/05_datasets/tzigara/images/13-67.jpg,0.9119709134101868
~/Documents/My Projects/Things to Do/FINAL-PAPER-CNIR/05_datasets/tzigara/images/15-89.jpg,0.8603867292404175
~/Documents/My Projects/Things to Do/FINAL-PAPER-CNIR/05_datasets/tzigara/images/13-68.jpg,1.0088201761245728
~/Documents/My Projects/Things to Do/FINAL-PAPER-CNIR/05_datasets/tzigara/images/16-20.jpg,0.4970617294311523
~/Documents/My Projects/Things to Do/FINAL-PAPER-CNIR/05_datasets/tzigara/images/14-28.jpg,0.6263982653617859
~/Documents/My Projects/Things to Do/FINAL-PAPER-CNIR/05_datasets/tzigara/images/14-90.jpg,0.8954752087593079
~/Documents/My Projects/Things to Do/FINAL-PAPER-CNIR/05_datasets/tzigara/images/15-80.jpg,0.5866623520851135
~/Documents/My Projects/Things to Do/FINAL-PAPER-CNIR/05_datasets/tzigara/images/8-79.jpg,0.9893553853034972
~/Documents/My Projects/Things to Do/FINAL-PAPER-CNIR/05_datasets/tzigara/images/16-63.jpg,0.9433960914611816
~/Documents/My Projects/Things to Do/FINAL-PAPER-CNIR/05_datasets/tzigara/images/15-94.jpg,0.9924297332763672
~/Documents/My Projects/Things to Do/FINAL-PAPER-CNIR/05_datasets/tzigara/images/15-24.jpg,0.5078341364860535
~/Documents/My Projects/Things to Do/FINAL-PAPER-CNIR/05_datasets/tzigara/images/18-42.jpg,0.5356085300445557
~/Documents/My Projects/Things to Do/FINAL-PAPER-CNIR/05_datasets/tzigara/images/15-79.jpg,0.506646990776062
~/Documents/My Projects/Things to Do/FINAL-PAPER-CNIR/05_datasets/tzigara/images/14-30.jpg,1.2772525548934937
~/Documents/My Projects/Things to Do/FINAL-PAPER-CNIR/05_datasets/tzigara/images/15-38.jpg,0.5758363604545593
~/Documents/My Projects/Things to Do/FINAL-PAPER-CNIR/05_datasets/tzigara/images/14-70.jpg,1.411080837249756
~/Documents/My Projects/Things to Do/FINAL-PAPER-CNIR/05_datasets/tzigara/images/19-29.jpg,0.6886807084083557
~/Documents/My Projects/Things to Do/FINAL-PAPER-CNIR/05_datasets/tzigara/images/8-89.jpg,1.0704225301742554
~/Documents/My Projects/Things to Do/FINAL-PAPER-CNIR/05_datasets/tzigara/images/14-83.jpg,0.5112752914428711
~/Documents/My Projects/Things to Do/FINAL-PAPER-CNIR/05_datasets/tzigara/images/9-24.jpg,0.8772265315055847
~/Documents/My Projects/Things to Do/FINAL-PAPER-CNIR/05_datasets/tzigara/images/17-25.jpg,0.6797111630439758
~/Documents/My Projects/Things to Do/FINAL-PAPER-CNIR/05_datasets/tzigara/images/13-54.jpg,1.031817078590393
~/Documents/My Projects/Things to Do/FINAL-PAPER-CNIR/05_datasets/tzigara/images/12-8.jpg,0.5386506915092468
~/Documents/My Projects/Things to Do/FINAL-PAPER-CNIR/05_datasets/tzigara/images/19-38.jpg,0.2242588549852371
~/Documents/My Projects/Things to Do/FINAL-PAPER-CNIR/05_datasets/tzigara/images/17-60.jpg,0.6550081372261047
~/Documents/My Projects/Things to Do/FINAL-PAPER-CNIR/05_datasets/tzigara/images/18-36.jpg,0.7754192352294922
~/Documents/My Projects/Things to Do/FINAL-PAPER-CNIR/05_datasets/tzigara/images/13-60.jpg,0.6461327075958252
~/Documents/My Projects/Things to Do/FINAL-PAPER-CNIR/05_datasets/tzigara/images/12-85.jpg,0.6671217083930969
~/Documents/My Projects/Things to Do/FINAL-PAPER-CNIR/05_datasets/tzigara/images/16-86.jpg,0.2894532680511474
~/Documents/My Projects/Things to Do/FINAL-PAPER-CNIR/05_datasets/tzigara/images/16-89.jpg,0.4854106605052948
~/Documents/My Projects/Things to Do/FINAL-PAPER-CNIR/05_datasets/tzigara/images/16-52.jpg,0.6257919073104858
~/Documents/My Projects/Things to Do/FINAL-PAPER-CNIR/05_datasets/tzigara/images/1-33.jpg,0.4953153431415558
~/Documents/My Projects/Things to Do/FINAL-PAPER-CNIR/05_datasets/tzigara/images/9-48.jpg,0.6516913175582886
~/Documents/My Projects/Things to Do/FINAL-PAPER-CNIR/05_datasets/tzigara/images/15-112.jpg,0.6070533394813538
~/Documents/My Projects/Things to Do/FINAL-PAPER-CNIR/05_datasets/tzigara/images/14-82.jpg,0.5418425798416138
~/Documents/My Projects/Things to Do/FINAL-PAPER-CNIR/05_datasets/tzigara/images/8-64.jpg,0.5281404256820679
~/Documents/My Projects/Things to Do/FINAL-PAPER-CNIR/05_datasets/tzigara/images/16-47.jpg,0.5286141633987427
~/Documents/My Projects/Things to Do/FINAL-PAPER-CNIR/05_datasets/tzigara/images/9-14.jpg,1.2683629989624023
~/Documents/My Projects/Things to Do/FINAL-PAPER-CNIR/05_datasets/tzigara/images/1-61.jpg,0.5134227871894836
~/Documents/My Projects/Things to Do/FINAL-PAPER-CNIR/05_datasets/tzigara/images/16-76.jpg,0.9148319363594056
~/Documents/My Projects/Things to Do/FINAL-PAPER-CNIR/05_datasets/tzigara/images/12-60.jpg,0.6979143619537354
~/Documents/My Projects/Things to Do/FINAL-PAPER-CNIR/05_datasets/tzigara/images/14-21.jpg,0.2616895139217376
~/Documents/My Projects/Things to Do/FINAL-PAPER-CNIR/05_datasets/tzigara/images/16-2.jpg,1.0988465547561646
~/Documents/My Projects/Things to Do/FINAL-PAPER-CNIR/05_datasets/tzigara/images/18-51.jpg,0.7159765362739563
~/Documents/My Projects/Things to Do/FINAL-PAPER-CNIR/05_datasets/tzigara/images/14-36.jpg,0.8772941827774048
~/Documents/My Projects/Things to Do/FINAL-PAPER-CNIR/05_datasets/tzigara/images/11-90.jpg,0.5439395904541016
~/Documents/My Projects/Things to Do/FINAL-PAPER-CNIR/05_datasets/tzigara/images/18-67.jpg,0.361465722322464
~/Documents/My Projects/Things to Do/FINAL-PAPER-CNIR/05_datasets/tzigara/images/9-53.jpg,0.6607265472412109
~/Documents/My Projects/Things to Do/FINAL-PAPER-CNIR/05_datasets/tzigara/images/15-21.jpg,0.978434443473816
~/Documents/My Projects/Things to Do/FINAL-PAPER-CNIR/05_datasets/tzigara/images/15-50.jpg,0.9735594987869264
~/Documents/My Projects/Things to Do/FINAL-PAPER-CNIR/05_datasets/tzigara/images/14-86.jpg,0.7608715295791626
~/Documents/My Projects/Things to Do/FINAL-PAPER-CNIR/05_datasets/tzigara/images/16-75.jpg,0.8156788945198059
~/Documents/My Projects/Things to Do/FINAL-PAPER-CNIR/05_datasets/tzigara/images/9-6.jpg,0.6892756819725037
~/Documents/My Projects/Things to Do/FINAL-PAPER-CNIR/05_datasets/tzigara/images/16-44.jpg,0.6189006567001343
~/Documents/My Projects/Things to Do/FINAL-PAPER-CNIR/05_datasets/tzigara/images/1-66.jpg,1.0249764919281006
~/Documents/My Projects/Things to Do/FINAL-PAPER-CNIR/05_datasets/tzigara/images/14-40.jpg,1.0109524726867676
~/Documents/My Projects/Things to Do/FINAL-PAPER-CNIR/05_datasets/tzigara/images/15-82.jpg,0.690800666809082
~/Documents/My Projects/Things to Do/FINAL-PAPER-CNIR/05_datasets/tzigara/images/9-12.jpg,1.531972885131836
~/Documents/My Projects/Things to Do/FINAL-PAPER-CNIR/05_datasets/tzigara/images/12-57.jpg,0.7428513765335083
~/Documents/My Projects/Things to Do/FINAL-PAPER-CNIR/05_datasets/tzigara/images/8-86.jpg,0.9948045015335084
~/Documents/My Projects/Things to Do/FINAL-PAPER-CNIR/05_datasets/tzigara/images/16-21.jpg,0.4996994435787201
~/Documents/My Projects/Things to Do/FINAL-PAPER-CNIR/05_datasets/tzigara/images/15-12.jpg,0.7532821893692017
~/Documents/My Projects/Things to Do/FINAL-PAPER-CNIR/05_datasets/tzigara/images/9-44.jpg,0.7461955547332764
~/Documents/My Projects/Things to Do/FINAL-PAPER-CNIR/05_datasets/tzigara/images/16-59.jpg,0.7642176747322083
~/Documents/My Projects/Things to Do/FINAL-PAPER-CNIR/05_datasets/tzigara/images/16-40.jpg,0.7194804549217224
~/Documents/My Projects/Things to Do/FINAL-PAPER-CNIR/05_datasets/tzigara/images/1-48.jpg,0.3893971443176269
~/Documents/My Projects/Things to Do/FINAL-PAPER-CNIR/05_datasets/tzigara/images/13-55.jpg,1.1502968072891235
~/Documents/My Projects/Things to Do/FINAL-PAPER-CNIR/05_datasets/tzigara/images/14-81.jpg,0.4546860456466675
~/Documents/My Projects/Things to Do/FINAL-PAPER-CNIR/05_datasets/tzigara/images/16-36.jpg,0.7545906901359558
~/Documents/My Projects/Things to Do/FINAL-PAPER-CNIR/05_datasets/tzigara/images/1-65.jpg,0.6995786428451538
~/Documents/My Projects/Things to Do/FINAL-PAPER-CNIR/05_datasets/tzigara/images/1-54.jpg,0.6685329079627991
~/Documents/My Projects/Things to Do/FINAL-PAPER-CNIR/05_datasets/tzigara/images/15-41.jpg,0.2375617921352386
~/Documents/My Projects/Things to Do/FINAL-PAPER-CNIR/05_datasets/tzigara/images/8-107.jpg,1.1542445421218872
~/Documents/My Projects/Things to Do/FINAL-PAPER-CNIR/05_datasets/tzigara/images/12-82.jpg,0.6388142704963684
~/Documents/My Projects/Things to Do/FINAL-PAPER-CNIR/05_datasets/tzigara/images/14-3.jpg,1.9435279369354248
~/Documents/My Projects/Things to Do/FINAL-PAPER-CNIR/05_datasets/tzigara/images/15-98.jpg,0.6421986818313599
~/Documents/My Projects/Things to Do/FINAL-PAPER-CNIR/05_datasets/tzigara/images/12-2.jpg,0.6660611033439636
~/Documents/My Projects/Things to Do/FINAL-PAPER-CNIR/05_datasets/tzigara/images/17-15.jpg,0.5454287528991699
~/Documents/My Projects/Things to Do/FINAL-PAPER-CNIR/05_datasets/tzigara/images/18-44.jpg,1.3275816440582275
~/Documents/My Projects/Things to Do/FINAL-PAPER-CNIR/05_datasets/tzigara/images/18-61.jpg,0.6511030197143555
~/Documents/My Projects/Things to Do/FINAL-PAPER-CNIR/05_datasets/tzigara/images/9-30.jpg,0.9640864729881288
~/Documents/My Projects/Things to Do/FINAL-PAPER-CNIR/05_datasets/tzigara/images/15-19.jpg,1.171656370162964
~/Documents/My Projects/Things to Do/FINAL-PAPER-CNIR/05_datasets/tzigara/images/1-5.jpg,0.4693476259708404
~/Documents/My Projects/Things to Do/FINAL-PAPER-CNIR/05_datasets/tzigara/images/16-27.jpg,1.011641502380371
~/Documents/My Projects/Things to Do/FINAL-PAPER-CNIR/05_datasets/tzigara/images/12-50.jpg,0.7745296955108643
~/Documents/My Projects/Things to Do/FINAL-PAPER-CNIR/05_datasets/tzigara/images/13-45.jpg,1.3945951461791992
~/Documents/My Projects/Things to Do/FINAL-PAPER-CNIR/05_datasets/tzigara/images/17-24.jpg,1.3428369760513306
~/Documents/My Projects/Things to Do/FINAL-PAPER-CNIR/05_datasets/tzigara/images/18-66.jpg,0.7035952210426331
~/Documents/My Projects/Things to Do/FINAL-PAPER-CNIR/05_datasets/tzigara/images/9-9.jpg,1.735100269317627
~/Documents/My Projects/Things to Do/FINAL-PAPER-CNIR/05_datasets/tzigara/images/13-22.jpg,1.207029104232788
~/Documents/My Projects/Things to Do/FINAL-PAPER-CNIR/05_datasets/tzigara/images/8-88.jpg,1.3926012516021729
~/Documents/My Projects/Things to Do/FINAL-PAPER-CNIR/05_datasets/tzigara/images/17-68.jpg,0.9428019523620604
~/Documents/My Projects/Things to Do/FINAL-PAPER-CNIR/05_datasets/tzigara/images/15-96.jpg,0.6940252184867859
~/Documents/My Projects/Things to Do/FINAL-PAPER-CNIR/05_datasets/tzigara/images/17-33.jpg,0.5504122376441956
~/Documents/My Projects/Things to Do/FINAL-PAPER-CNIR/05_datasets/tzigara/images/13-31.jpg,0.7955963611602783
~/Documents/My Projects/Things to Do/FINAL-PAPER-CNIR/05_datasets/tzigara/images/14-78.jpg,1.4567992687225342
~/Documents/My Projects/Things to Do/FINAL-PAPER-CNIR/05_datasets/tzigara/images/1-26.jpg,0.7900185585021973
~/Documents/My Projects/Things to Do/FINAL-PAPER-CNIR/05_datasets/tzigara/images/15-17.jpg,1.209547758102417
~/Documents/My Projects/Things to Do/FINAL-PAPER-CNIR/05_datasets/tzigara/images/12-30.jpg,0.8345966339111328
~/Documents/My Projects/Things to Do/FINAL-PAPER-CNIR/05_datasets/tzigara/images/17-64.jpg,0.4746852517127991
~/Documents/My Projects/Things to Do/FINAL-PAPER-CNIR/05_datasets/tzigara/images/15-83.jpg,0.7823047637939453
~/Documents/My Projects/Things to Do/FINAL-PAPER-CNIR/05_datasets/tzigara/images/18-25.jpg,0.9606758952140808
~/Documents/My Projects/Things to Do/FINAL-PAPER-CNIR/05_datasets/tzigara/images/12-51.jpg,0.541490375995636
~/Documents/My Projects/Things to Do/FINAL-PAPER-CNIR/05_datasets/tzigara/images/18-85.jpg,0.422585517168045
~/Documents/My Projects/Things to Do/FINAL-PAPER-CNIR/05_datasets/tzigara/images/1-53.jpg,0.871576189994812
~/Documents/My Projects/Things to Do/FINAL-PAPER-CNIR/05_datasets/tzigara/images/14-93.jpg,0.6171731352806091
~/Documents/My Projects/Things to Do/FINAL-PAPER-CNIR/05_datasets/tzigara/images/17-53.jpg,0.7439029216766357
~/Documents/My Projects/Things to Do/FINAL-PAPER-CNIR/05_datasets/tzigara/images/18-49.jpg,0.9744601845741272
~/Documents/My Projects/Things to Do/FINAL-PAPER-CNIR/05_datasets/tzigara/images/15-93.jpg,0.5745225548744202
~/Documents/My Projects/Things to Do/FINAL-PAPER-CNIR/05_datasets/tzigara/images/15-76.jpg,1.1416748762130735
~/Documents/My Projects/Things to Do/FINAL-PAPER-CNIR/05_datasets/tzigara/images/12-3.jpg,0.4476828575134277
~/Documents/My Projects/Things to Do/FINAL-PAPER-CNIR/05_datasets/tzigara/images/16-18.jpg,0.4949466288089752
~/Documents/My Projects/Things to Do/FINAL-PAPER-CNIR/05_datasets/tzigara/images/1-57.jpg,0.5230064988136292
~/Documents/My Projects/Things to Do/FINAL-PAPER-CNIR/05_datasets/tzigara/images/12-11.jpg,1.145991563796997
~/Documents/My Projects/Things to Do/FINAL-PAPER-CNIR/05_datasets/tzigara/images/19-85.jpg,0.4824754297733307
~/Documents/My Projects/Things to Do/FINAL-PAPER-CNIR/05_datasets/tzigara/images/14-65.jpg,0.5961736440658569
~/Documents/My Projects/Things to Do/FINAL-PAPER-CNIR/05_datasets/tzigara/images/15-6.jpg,0.9932810068130492
~/Documents/My Projects/Things to Do/FINAL-PAPER-CNIR/05_datasets/tzigara/images/1-22.jpg,0.6956562399864197
~/Documents/My Projects/Things to Do/FINAL-PAPER-CNIR/05_datasets/tzigara/images/9-7.jpg,1.2542041540145874
~/Documents/My Projects/Things to Do/FINAL-PAPER-CNIR/05_datasets/tzigara/images/18-74.jpg,1.1068919897079468
~/Documents/My Projects/Things to Do/FINAL-PAPER-CNIR/05_datasets/tzigara/images/13-46.jpg,1.5613205432891846
~/Documents/My Projects/Things to Do/FINAL-PAPER-CNIR/05_datasets/tzigara/images/1-45.jpg,0.484224259853363
~/Documents/My Projects/Things to Do/FINAL-PAPER-CNIR/05_datasets/tzigara/images/16-56.jpg,0.5520626306533813
~/Documents/My Projects/Things to Do/FINAL-PAPER-CNIR/05_datasets/tzigara/images/1-35.jpg,0.4683120548725128
~/Documents/My Projects/Things to Do/FINAL-PAPER-CNIR/05_datasets/tzigara/images/13-40.jpg,0.5192700624465942
~/Documents/My Projects/Things to Do/FINAL-PAPER-CNIR/05_datasets/tzigara/images/8-93.jpg,0.5918821692466736
~/Documents/My Projects/Things to Do/FINAL-PAPER-CNIR/05_datasets/tzigara/images/18-35.jpg,0.9950175285339355
~/Documents/My Projects/Things to Do/FINAL-PAPER-CNIR/05_datasets/tzigara/images/9-42.jpg,0.5722333192825317
~/Documents/My Projects/Things to Do/FINAL-PAPER-CNIR/05_datasets/tzigara/images/13-62.jpg,1.0083221197128296
~/Documents/My Projects/Things to Do/FINAL-PAPER-CNIR/05_datasets/tzigara/images/9-26.jpg,1.778198003768921
~/Documents/My Projects/Things to Do/FINAL-PAPER-CNIR/05_datasets/tzigara/images/17-43.jpg,0.6396068930625916
~/Documents/My Projects/Things to Do/FINAL-PAPER-CNIR/05_datasets/tzigara/images/15-63.jpg,0.3518846035003662
~/Documents/My Projects/Things to Do/FINAL-PAPER-CNIR/05_datasets/tzigara/images/16-16.jpg,0.8433884382247925
~/Documents/My Projects/Things to Do/FINAL-PAPER-CNIR/05_datasets/tzigara/images/1-64.jpg,0.830443799495697
~/Documents/My Projects/Things to Do/FINAL-PAPER-CNIR/05_datasets/tzigara/images/15-7.jpg,0.6688551902770996
~/Documents/My Projects/Things to Do/FINAL-PAPER-CNIR/05_datasets/tzigara/images/16-28.jpg,1.5063481330871582
~/Documents/My Projects/Things to Do/FINAL-PAPER-CNIR/05_datasets/tzigara/images/15-39.jpg,0.5952548980712891
~/Documents/My Projects/Things to Do/FINAL-PAPER-CNIR/05_datasets/tzigara/images/12-36.jpg,0.9215852618217468
~/Documents/My Projects/Things to Do/FINAL-PAPER-CNIR/05_datasets/tzigara/images/14-31.jpg,0.7556607723236084
~/Documents/My Projects/Things to Do/FINAL-PAPER-CNIR/05_datasets/tzigara/images/18-83.jpg,0.7246427536010742
~/Documents/My Projects/Things to Do/FINAL-PAPER-CNIR/05_datasets/tzigara/images/1-2.jpg,0.6586999893188477
~/Documents/My Projects/Things to Do/FINAL-PAPER-CNIR/05_datasets/tzigara/images/12-61.jpg,0.5552098155021667
~/Documents/My Projects/Things to Do/FINAL-PAPER-CNIR/05_datasets/tzigara/images/17-17.jpg,0.4020205438137054
~/Documents/My Projects/Things to Do/FINAL-PAPER-CNIR/05_datasets/tzigara/images/15-91.jpg,0.6436372399330139
~/Documents/My Projects/Things to Do/FINAL-PAPER-CNIR/05_datasets/tzigara/images/18-64.jpg,0.6528617739677429
~/Documents/My Projects/Things to Do/FINAL-PAPER-CNIR/05_datasets/tzigara/images/15-74.jpg,0.5904331207275391
~/Documents/My Projects/Things to Do/FINAL-PAPER-CNIR/05_datasets/tzigara/images/13-15.jpg,1.501413345336914
~/Documents/My Projects/Things to Do/FINAL-PAPER-CNIR/05_datasets/tzigara/images/15-14.jpg,1.1396174430847168
~/Documents/My Projects/Things to Do/FINAL-PAPER-CNIR/05_datasets/tzigara/images/13-74.jpg,0.7200098037719727
~/Documents/My Projects/Things to Do/FINAL-PAPER-CNIR/05_datasets/tzigara/images/16-19.jpg,0.8350778222084045
~/Documents/My Projects/Things to Do/FINAL-PAPER-CNIR/05_datasets/tzigara/images/16-92.jpg,0.5213512778282166
~/Documents/My Projects/Things to Do/FINAL-PAPER-CNIR/05_datasets/tzigara/images/14-17.jpg,1.0129263401031494
~/Documents/My Projects/Things to Do/FINAL-PAPER-CNIR/05_datasets/tzigara/images/8-99.jpg,1.0922812223434448
~/Documents/My Projects/Things to Do/FINAL-PAPER-CNIR/05_datasets/tzigara/images/13-70.jpg,1.1352592706680298
~/Documents/My Projects/Things to Do/FINAL-PAPER-CNIR/05_datasets/tzigara/images/9-95.jpg,0.6440281867980957
~/Documents/My Projects/Things to Do/FINAL-PAPER-CNIR/05_datasets/tzigara/images/15-75.jpg,0.3662786483764648
~/Documents/My Projects/Things to Do/FINAL-PAPER-CNIR/05_datasets/tzigara/images/18-52.jpg,0.9196040034294128
~/Documents/My Projects/Things to Do/FINAL-PAPER-CNIR/05_datasets/tzigara/images/9-56.jpg,0.4650935530662536
~/Documents/My Projects/Things to Do/FINAL-PAPER-CNIR/05_datasets/tzigara/images/16-97.jpg,0.682636559009552
~/Documents/My Projects/Things to Do/FINAL-PAPER-CNIR/05_datasets/tzigara/images/15-59.jpg,0.5857051014900208
~/Documents/My Projects/Things to Do/FINAL-PAPER-CNIR/05_datasets/tzigara/images/15-9.jpg,0.4713154435157776
~/Documents/My Projects/Things to Do/FINAL-PAPER-CNIR/05_datasets/tzigara/images/12-62.jpg,0.7039652466773987
~/Documents/My Projects/Things to Do/FINAL-PAPER-CNIR/05_datasets/tzigara/images/15-65.jpg,0.2434555292129516
~/Documents/My Projects/Things to Do/FINAL-PAPER-CNIR/05_datasets/tzigara/images/17-62.jpg,0.7261061072349548
~/Documents/My Projects/Things to Do/FINAL-PAPER-CNIR/05_datasets/tzigara/images/16-91.jpg,0.3967707455158233
~/Documents/My Projects/Things to Do/FINAL-PAPER-CNIR/05_datasets/tzigara/images/9-4.jpg,1.1386407613754272
~/Documents/My Projects/Things to Do/FINAL-PAPER-CNIR/05_datasets/tzigara/images/19-67.jpg,0.9617220163345336
~/Documents/My Projects/Things to Do/FINAL-PAPER-CNIR/05_datasets/tzigara/images/13-89.jpg,0.509495735168457
~/Documents/My Projects/Things to Do/FINAL-PAPER-CNIR/05_datasets/tzigara/images/14-79.jpg,0.7377215027809143
~/Documents/My Projects/Things to Do/FINAL-PAPER-CNIR/05_datasets/tzigara/images/19-3.jpg,0.7851060628890991
~/Documents/My Projects/Things to Do/FINAL-PAPER-CNIR/05_datasets/tzigara/images/15-27.jpg,0.5709514617919922
~/Documents/My Projects/Things to Do/FINAL-PAPER-CNIR/05_datasets/tzigara/images/14-37.jpg,0.7781372666358948
~/Documents/My Projects/Things to Do/FINAL-PAPER-CNIR/05_datasets/tzigara/images/8-111.jpg,0.5949095487594604
~/Documents/My Projects/Things to Do/FINAL-PAPER-CNIR/05_datasets/tzigara/images/14-59.jpg,1.0824981927871704
~/Documents/My Projects/Things to Do/FINAL-PAPER-CNIR/05_datasets/tzigara/images/15-68.jpg,0.5943198800086975
~/Documents/My Projects/Things to Do/FINAL-PAPER-CNIR/05_datasets/tzigara/images/13-52.jpg,1.200818657875061
~/Documents/My Projects/Things to Do/FINAL-PAPER-CNIR/05_datasets/tzigara/images/11-94.jpg,0.5438299775123596
~/Documents/My Projects/Things to Do/FINAL-PAPER-CNIR/05_datasets/tzigara/images/12-14.jpg,0.5792939066886902
~/Documents/My Projects/Things to Do/FINAL-PAPER-CNIR/05_datasets/tzigara/images/14-75.jpg,0.926569163799286
~/Documents/My Projects/Things to Do/FINAL-PAPER-CNIR/05_datasets/tzigara/images/13-43.jpg,0.9779440760612488
~/Documents/My Projects/Things to Do/FINAL-PAPER-CNIR/05_datasets/tzigara/images/17-51.jpg,0.9289886951446532
~/Documents/My Projects/Things to Do/FINAL-PAPER-CNIR/05_datasets/tzigara/images/15-67.jpg,0.8621453642845154
~/Documents/My Projects/Things to Do/FINAL-PAPER-CNIR/05_datasets/tzigara/images/15-95.jpg,0.4628664851188659
~/Documents/My Projects/Things to Do/FINAL-PAPER-CNIR/05_datasets/tzigara/images/17-35.jpg,1.0340522527694702
~/Documents/My Projects/Things to Do/FINAL-PAPER-CNIR/05_datasets/tzigara/images/14-42.jpg,1.018681883811951
~/Documents/My Projects/Things to Do/FINAL-PAPER-CNIR/05_datasets/tzigara/images/14-24.jpg,0.6279611587524414
~/Documents/My Projects/Things to Do/FINAL-PAPER-CNIR/05_datasets/tzigara/images/17-61.jpg,0.5355837941169739
~/Documents/My Projects/Things to Do/FINAL-PAPER-CNIR/05_datasets/tzigara/images/19-83.jpg,0.428299993276596
~/Documents/My Projects/Things to Do/FINAL-PAPER-CNIR/05_datasets/tzigara/images/18-70.jpg,0.833078145980835
~/Documents/My Projects/Things to Do/FINAL-PAPER-CNIR/05_datasets/tzigara/images/16-22.jpg,0.400540828704834
~/Documents/My Projects/Things to Do/FINAL-PAPER-CNIR/05_datasets/tzigara/images/16-12.jpg,0.9224557280540466
~/Documents/My Projects/Things to Do/FINAL-PAPER-CNIR/05_datasets/tzigara/images/16-49.jpg,0.4114686250686645
~/Documents/My Projects/Things to Do/FINAL-PAPER-CNIR/05_datasets/tzigara/images/13-32.jpg,0.7666987776756287
~/Documents/My Projects/Things to Do/FINAL-PAPER-CNIR/05_datasets/tzigara/images/15-16.jpg,0.9899888634681702
~/Documents/My Projects/Things to Do/FINAL-PAPER-CNIR/05_datasets/tzigara/images/1-40.jpg,0.6715089082717896
~/Documents/My Projects/Things to Do/FINAL-PAPER-CNIR/05_datasets/tzigara/images/14-68.jpg,1.051392912864685
~/Documents/My Projects/Things to Do/FINAL-PAPER-CNIR/05_datasets/tzigara/images/17-38.jpg,1.2240681648254397
~/Documents/My Projects/Things to Do/FINAL-PAPER-CNIR/05_datasets/tzigara/images/9-100.jpg,0.7611415982246399
~/Documents/My Projects/Things to Do/FINAL-PAPER-CNIR/05_datasets/tzigara/images/18-80.jpg,0.414406806230545
~/Documents/My Projects/Things to Do/FINAL-PAPER-CNIR/05_datasets/tzigara/images/13-37.jpg,1.0510574579238892
~/Documents/My Projects/Things to Do/FINAL-PAPER-CNIR/05_datasets/tzigara/images/17-21.jpg,0.8280699849128723
~/Documents/My Projects/Things to Do/FINAL-PAPER-CNIR/05_datasets/tzigara/images/8-105.jpg,0.8088696599006653
~/Documents/My Projects/Things to Do/FINAL-PAPER-CNIR/05_datasets/tzigara/images/14-15.jpg,0.5370283722877502
~/Documents/My Projects/Things to Do/FINAL-PAPER-CNIR/05_datasets/tzigara/images/17-54.jpg,0.693830668926239
~/Documents/My Projects/Things to Do/FINAL-PAPER-CNIR/05_datasets/tzigara/images/15-90.jpg,0.3678515255451202
~/Documents/My Projects/Things to Do/FINAL-PAPER-CNIR/05_datasets/tzigara/images/14-1.jpg,0.7664141654968262
~/Documents/My Projects/Things to Do/FINAL-PAPER-CNIR/05_datasets/tzigara/images/9-37.jpg,0.7393506765365601
~/Documents/My Projects/Things to Do/FINAL-PAPER-CNIR/05_datasets/tzigara/images/16-55.jpg,0.7699465155601501
~/Documents/My Projects/Things to Do/FINAL-PAPER-CNIR/05_datasets/tzigara/images/13-73.jpg,1.0267127752304075
~/Documents/My Projects/Things to Do/FINAL-PAPER-CNIR/05_datasets/tzigara/images/14-13.jpg,0.5643323659896851
~/Documents/My Projects/Things to Do/FINAL-PAPER-CNIR/05_datasets/tzigara/images/16-29.jpg,1.146250605583191
~/Documents/My Projects/Things to Do/FINAL-PAPER-CNIR/05_datasets/tzigara/images/16-62.jpg,0.6684695482254028
~/Documents/My Projects/Things to Do/FINAL-PAPER-CNIR/05_datasets/tzigara/images/9-34.jpg,0.9643847346305848
~/Documents/My Projects/Things to Do/FINAL-PAPER-CNIR/05_datasets/tzigara/images/8-92.jpg,0.4189376533031463
~/Documents/My Projects/Things to Do/FINAL-PAPER-CNIR/05_datasets/tzigara/images/9-18.jpg,1.5408287048339844
~/Documents/My Projects/Things to Do/FINAL-PAPER-CNIR/05_datasets/tzigara/images/14-46.jpg,0.799041748046875
~/Documents/My Projects/Things to Do/FINAL-PAPER-CNIR/05_datasets/tzigara/images/12-16.jpg,0.4789679944515228
~/Documents/My Projects/Things to Do/FINAL-PAPER-CNIR/05_datasets/tzigara/images/16-50.jpg,1.043725848197937
~/Documents/My Projects/Things to Do/FINAL-PAPER-CNIR/05_datasets/tzigara/images/12-10.jpg,0.8888460397720337
~/Documents/My Projects/Things to Do/FINAL-PAPER-CNIR/05_datasets/tzigara/images/19-39.jpg,1.3001028299331665
~/Documents/My Projects/Things to Do/FINAL-PAPER-CNIR/05_datasets/tzigara/images/16-82.jpg,0.5938473343849182
~/Documents/My Projects/Things to Do/FINAL-PAPER-CNIR/05_datasets/tzigara/images/9-36.jpg,0.4944857954978943
~/Documents/My Projects/Things to Do/FINAL-PAPER-CNIR/05_datasets/tzigara/images/1-7.jpg,1.051831603050232
~/Documents/My Projects/Things to Do/FINAL-PAPER-CNIR/05_datasets/tzigara/images/12-38.jpg,0.917122721672058
~/Documents/My Projects/Things to Do/FINAL-PAPER-CNIR/05_datasets/tzigara/images/12-20.jpg,0.5248652696609497
~/Documents/My Projects/Things to Do/FINAL-PAPER-CNIR/05_datasets/tzigara/images/13-20.jpg,0.5861058235168457
~/Documents/My Projects/Things to Do/FINAL-PAPER-CNIR/05_datasets/tzigara/images/14-32.jpg,0.7302228212356567
~/Documents/My Projects/Things to Do/FINAL-PAPER-CNIR/05_datasets/tzigara/images/13-42.jpg,0.7493438720703125
~/Documents/My Projects/Things to Do/FINAL-PAPER-CNIR/05_datasets/tzigara/images/19-1.jpg,0.7173721194267273
~/Documents/My Projects/Things to Do/FINAL-PAPER-CNIR/05_datasets/tzigara/images/14-2.jpg,1.6871118545532229
~/Documents/My Projects/Things to Do/FINAL-PAPER-CNIR/05_datasets/tzigara/images/13-75.jpg,0.7312067151069641
~/Documents/My Projects/Things to Do/FINAL-PAPER-CNIR/05_datasets/tzigara/images/13-28.jpg,1.1386696100234983
~/Documents/My Projects/Things to Do/FINAL-PAPER-CNIR/05_datasets/tzigara/images/1-41.jpg,1.0600180625915527
~/Documents/My Projects/Things to Do/FINAL-PAPER-CNIR/05_datasets/tzigara/images/8-114.jpg,0.5543698072433472
~/Documents/My Projects/Things to Do/FINAL-PAPER-CNIR/05_datasets/tzigara/images/18-75.jpg,0.4564163088798523
~/Documents/My Projects/Things to Do/FINAL-PAPER-CNIR/05_datasets/tzigara/images/11-92.jpg,0.7216089367866516
~/Documents/My Projects/Things to Do/FINAL-PAPER-CNIR/05_datasets/tzigara/images/12-45.jpg,0.6305065155029297
~/Documents/My Projects/Things to Do/FINAL-PAPER-CNIR/05_datasets/tzigara/images/17-8.jpg,0.380256175994873
~/Documents/My Projects/Things to Do/FINAL-PAPER-CNIR/05_datasets/tzigara/images/19-93.jpg,0.8821134567260742
~/Documents/My Projects/Things to Do/FINAL-PAPER-CNIR/05_datasets/tzigara/images/13-82.jpg,0.4567388296127319
~/Documents/My Projects/Things to Do/FINAL-PAPER-CNIR/05_datasets/tzigara/images/12-33.jpg,0.606916069984436
~/Documents/My Projects/Things to Do/FINAL-PAPER-CNIR/05_datasets/tzigara/images/1-25.jpg,0.4500060081481933
~/Documents/My Projects/Things to Do/FINAL-PAPER-CNIR/05_datasets/tzigara/images/17-20.jpg,0.5861473679542542
~/Documents/My Projects/Things to Do/FINAL-PAPER-CNIR/05_datasets/tzigara/images/9-104.jpg,1.1040998697280884
~/Documents/My Projects/Things to Do/FINAL-PAPER-CNIR/05_datasets/tzigara/images/12-27.jpg,0.7697903513908386
~/Documents/My Projects/Things to Do/FINAL-PAPER-CNIR/05_datasets/tzigara/images/13-80.jpg,1.0541222095489502
~/Documents/My Projects/Things to Do/FINAL-PAPER-CNIR/05_datasets/tzigara/images/16-96.jpg,0.3951529562473297
~/Documents/My Projects/Things to Do/FINAL-PAPER-CNIR/05_datasets/tzigara/images/16-80.jpg,1.0068352222442627
~/Documents/My Projects/Things to Do/FINAL-PAPER-CNIR/05_datasets/tzigara/images/12-54.jpg,0.806511402130127
~/Documents/My Projects/Things to Do/FINAL-PAPER-CNIR/05_datasets/tzigara/images/12-29.jpg,0.9269148707389832
~/Documents/My Projects/Things to Do/FINAL-PAPER-CNIR/05_datasets/tzigara/images/14-49.jpg,0.6876688003540039
~/Documents/My Projects/Things to Do/FINAL-PAPER-CNIR/05_datasets/tzigara/images/17-7.jpg,0.8202212452888489
