path,mse,id,title,description,creator,date,license,image_url,local_path,completeness
~/Documents/My Projects/Things to Do/FINAL-PAPER-CNIR/05_datasets/wikimedia/thumbnails/File_Boekarest_-_verschillende_gebouwen.jpg,1.1285136938095093,File:Boekarest - verschillende gebouwen.jpg,Boekarest - verschillende gebouwen.jpg,,,,,https://upload.wikimedia.org/wikipedia/commons/1/1b/Boekarest_-_verschillende_gebouwen.jpg,~/Documents/My Projects/Things to Do/FINAL-PAPER-CNIR/05_datasets/wikimedia/thumbnails/File_Boekarest_-_verschillende_gebouwen.jpg,0.2
~/Documents/My Projects/Things to Do/FINAL-PAPER-CNIR/05_datasets/wikimedia/thumbnails/File_20140816_București_190.jpg,0.4782071113586426,File:20140816 București 190.jpg,20140816 București 190.jpg,,,,,https://upload.wikimedia.org/wikipedia/commons/thumb/d/d2/20140816_Bucure%C8%99ti_190.jpg/500px-20140816_Bucure%C8%99ti_190.jpg,~/Documents/My Projects/Things to Do/FINAL-PAPER-CNIR/05_datasets/wikimedia/thumbnails/File_20140816_București_190.jpg,0.2
~/Documents/My Projects/Things to Do/FINAL-PAPER-CNIR/05_datasets/wikimedia/thumbnails/File_Arhitektura_rumunjskog_glavnog_grada.jpg,0.7126528024673462,File:Arhitektura rumunjskog glavnog grada.jpg,Arhitektura rumunjskog glavnog grada.jpg,,,,,https://upload.wikimedia.org/wikipedia/commons/thumb/0/0c/Arhitektura_rumunjskog_glavnog_grada.jpg/500px-Arhitektura_rumunjskog_glavnog_grada.jpg,~/Documents/My Projects/Things to Do/FINAL-PAPER-CNIR/05_datasets/wikimedia/thumbnails/File_Arhitektura_rumunjskog_glavnog_grada.jpg,0.2
~/Documents/My Projects/Things to Do/FINAL-PAPER-CNIR/05_datasets/wikimedia/thumbnails/File_Bucharest_-_10_Strada_Covaci.jpg,0.6384273171424866,File:Bucharest - 10 Strada Covaci.jpg,Bucharest - 10 Strada Covaci.jpg,,,,,https://upload.wikimedia.org/wikipedia/commons/thumb/2/21/Bucharest_-_10_Strada_Covaci.jpg/500px-Bucharest_-_10_Strada_Covaci.jpg,~/Documents/My Projects/Things to Do/FINAL-PAPER-CNIR/05_datasets/wikimedia/thumbnails/File_Bucharest_-_10_Strada_Covaci.jpg,0.2
~/Documents/My Projects/Things to Do/FINAL-PAPER-CNIR/05_datasets/wikimedia/thumbnails/File_AleeaAlexandruNr5.JPG,0.7912213206291199,File:AleeaAlexandruNr5.JPG,AleeaAlexandruNr5.JPG,,,,,https://upload.wikimedia.org/wikipedia/commons/thumb/1/14/AleeaAlexandruNr5.JPG/500px-AleeaAlexandruNr5.JPG,~/Documents/My Projects/Things to Do/FINAL-PAPER-CNIR/05_datasets/wikimedia/thumbnails/File_AleeaAlexandruNr5.JPG,0.2
~/Documents/My Projects/Things to Do/FINAL-PAPER-CNIR/05_datasets/wikimedia/thumbnails/File_Bucarest2508.JPG,0.6541058421134949,File:Bucarest2508.JPG,Bucarest2508.JPG,,,,,https://upload.wikimedia.org/wikipedia/commons/thumb/8/84/Bucarest2508.JPG/500px-Bucarest2508.JPG,~/Documents/My Projects/Things to Do/FINAL-PAPER-CNIR/05_datasets/wikimedia/thumbnails/File_Bucarest2508.JPG,0.2
~/Documents/My Projects/Things to Do/FINAL-PAPER-CNIR/05_datasets/wikimedia/thumbnails/File_Arhitektura_rumunjskoga_glavnog_grada.jpg,0.5194552540779114,File:Arhitektura rumunjskoga glavnog grada.jpg,Arhitektura rumunjskoga glavnog grada.jpg,,,,,https://upload.wikimedia.org/wikipedia/commons/thumb/0/06/Arhitektura_rumunjskoga_glavnog_grada.jpg/500px-Arhitektura_rumunjskoga_glavnog_grada.jpg,~/Documents/My Projects/Things to Do/FINAL-PAPER-CNIR/05_datasets/wikimedia/thumbnails/File_Arhitektura_rumunjskoga_glavnog_grada.jpg,0.2
~/Documents/My Projects/Things to Do/FINAL-PAPER-CNIR/05_datasets/wikimedia/thumbnails/File_20140702_Bucureşti_126.jpg,0.4586886465549469,File:20140702 Bucureşti 126.jpg,20140702 Bucureşti 126.jpg,,,,,https://upload.wikimedia.org/wikipedia/commons/thumb/7/7d/20140702_Bucure%C5%9Fti_126.jpg/500px-20140702_Bucure%C5%9Fti_126.jpg,~/Documents/My Projects/Things to Do/FINAL-PAPER-CNIR/05_datasets/wikimedia/thumbnails/File_20140702_Bucureşti_126.jpg,0.2
~/Documents/My Projects/Things to Do/FINAL-PAPER-CNIR/05_datasets/wikimedia/thumbnails/File_20140817_București_055.jpg,0.620387613773346,File:20140817 București 055.jpg,20140817 București 055.jpg,,,,,https://upload.wikimedia.org/wikipedia/commons/thumb/4/49/20140817_Bucure%C8%99ti_055.jpg/500px-20140817_Bucure%C8%99ti_055.jpg,~/Documents/My Projects/Things to Do/FINAL-PAPER-CNIR/05_datasets/wikimedia/thumbnails/File_20140817_București_055.jpg,0.2
~/Documents/My Projects/Things to Do/FINAL-PAPER-CNIR/05_datasets/wikimedia/thumbnails/File_Bucharest_-_Dâmbovița.jpg,1.2704795598983765,File:Bucharest - Dâmbovița.jpg,Bucharest - Dâmbovița.jpg,,,,,https://upload.wikimedia.org/wikipedia/commons/thumb/6/6b/Bucharest_-_D%C3%A2mbovi%C8%9Ba.jpg/500px-Bucharest_-_D%C3%A2mbovi%C8%9Ba.jpg,~/Documents/My Projects/Things to Do/FINAL-PAPER-CNIR/05_datasets/wikimedia/thumbnails/File_Bucharest_-_Dâmbovița.jpg,0.2
~/Documents/My Projects/Things to Do/FINAL-PAPER-CNIR/05_datasets/wikimedia/thumbnails/File_Arhitektura_rumunjske_metropole.jpg,0.5952941179275513,File:Arhitektura rumunjske metropole.jpg,Arhitektura rumunjske metropole.jpg,,,,,https://upload.wikimedia.org/wikipedia/commons/thumb/4/40/Arhitektura_rumunjske_metropole.jpg/500px-Arhitektura_rumunjske_metropole.jpg,~/Documents/My Projects/Things to Do/FINAL-PAPER-CNIR/05_datasets/wikimedia/thumbnails/File_Arhitektura_rumunjske_metropole.jpg,0.2
~/Documents/My Projects/Things to Do/FINAL-PAPER-CNIR/05_datasets/wikimedia/thumbnails/File_2017_Academia_oamenilor_de_stiinta.jpg,1.168741226196289,File:2017 Academia oamenilor de stiinta.jpg,2017 Academia oamenilor de stiinta.jpg,,,,,https://upload.wikimedia.org/wikipedia/commons/thumb/1/14/2017_Academia_oamenilor_de_stiinta.jpg/500px-2017_Academia_oamenilor_de_stiinta.jpg,~/Documents/My Projects/Things to Do/FINAL-PAPER-CNIR/05_datasets/wikimedia/thumbnails/File_2017_Academia_oamenilor_de_stiinta.jpg,0.2
~/Documents/My Projects/Things to Do/FINAL-PAPER-CNIR/05_datasets/wikimedia/thumbnails/File_AleeaAlexandruNr40.JPG,0.6660081148147583,File:AleeaAlexandruNr40.JPG,AleeaAlexandruNr40.JPG,,,,,https://upload.wikimedia.org/wikipedia/commons/thumb/c/c4/AleeaAlexandruNr40.JPG/500px-AleeaAlexandruNr40.JPG,~/Documents/My Projects/Things to Do/FINAL-PAPER-CNIR/05_datasets/wikimedia/thumbnails/File_AleeaAlexandruNr40.JPG,0.2
~/Documents/My Projects/Things to Do/FINAL-PAPER-CNIR/05_datasets/wikimedia/thumbnails/File_Bucarest2506.jpg,0.703620970249176,File:Bucarest2506.jpg,Bucarest2506.jpg,,,,,https://upload.wikimedia.org/wikipedia/commons/thumb/9/95/Bucarest2506.jpg/500px-Bucarest2506.jpg,~/Documents/My Projects/Things to Do/FINAL-PAPER-CNIR/05_datasets/wikimedia/thumbnails/File_Bucarest2506.jpg,0.2
~/Documents/My Projects/Things to Do/FINAL-PAPER-CNIR/05_datasets/wikimedia/thumbnails/File_Bucharest_-_132_Strada_Vasile_Lascăr.jpg,0.7721388339996338,File:Bucharest - 132 Strada Vasile Lascăr.jpg,Bucharest - 132 Strada Vasile Lascăr.jpg,,,,,https://upload.wikimedia.org/wikipedia/commons/thumb/6/64/Bucharest_-_132_Strada_Vasile_Lasc%C4%83r.jpg/500px-Bucharest_-_132_Strada_Vasile_Lasc%C4%83r.jpg,~/Documents/My Projects/Things to Do/FINAL-PAPER-CNIR/05_datasets/wikimedia/thumbnails/File_Bucharest_-_132_Strada_Vasile_Lascăr.jpg,0.2
~/Documents/My Projects/Things to Do/FINAL-PAPER-CNIR/05_datasets/wikimedia/thumbnails/File_Bd._Iancu_de_Hunedoara_-_Metropolis_Center.jpg,1.7465394735336304,File:Bd. Iancu de Hunedoara - Metropolis Center.jpg,Bd. Iancu de Hunedoara - Metropolis Center.jpg,,,,,https://upload.wikimedia.org/wikipedia/commons/thumb/c/ce/Bd._Iancu_de_Hunedoara_-_Metropolis_Center.jpg/500px-Bd._Iancu_de_Hunedoara_-_Metropolis_Center.jpg,~/Documents/My Projects/Things to Do/FINAL-PAPER-CNIR/05_datasets/wikimedia/thumbnails/File_Bd._Iancu_de_Hunedoara_-_Metropolis_Center.jpg,0.2
~/Documents/My Projects/Things to Do/FINAL-PAPER-CNIR/05_datasets/wikimedia/thumbnails/File_20140816_București_154.jpg,0.3920653760433197,File:20140816 București 154.jpg,20140816 București 154.jpg,,,,,https://upload.wikimedia.org/wikipedia/commons/thumb/3/3b/20140816_Bucure%C8%99ti_154.jpg/500px-20140816_Bucure%C8%99ti_154.jpg,~/Documents/My Projects/Things to Do/FINAL-PAPER-CNIR/05_datasets/wikimedia/thumbnails/File_20140816_București_154.jpg,0.2
~/Documents/My Projects/Things to Do/FINAL-PAPER-CNIR/05_datasets/wikimedia/thumbnails/File_Bucarest2593.JPG,0.4318695366382599,File:Bucarest2593.JPG,Bucarest2593.JPG,,,,,https://upload.wikimedia.org/wikipedia/commons/thumb/b/b6/Bucarest2593.JPG/500px-Bucarest2593.JPG,~/Documents/My Projects/Things to Do/FINAL-PAPER-CNIR/05_datasets/wikimedia/thumbnails/File_Bucarest2593.JPG,0.2
~/Documents/My Projects/Things to Do/FINAL-PAPER-CNIR/05_datasets/wikimedia/thumbnails/File_7_-_panoramio_-_eug.sim_(1).jpg,0.8265960812568665,File:7 - panoramio - eug.sim (1).jpg,7 - panoramio - eug.sim (1).jpg,,,,,https://upload.wikimedia.org/wikipedia/commons/thumb/1/19/7_-_panoramio_-_eug.sim_%281%29.jpg/500px-7_-_panoramio_-_eug.sim_%281%29.jpg,~/Documents/My Projects/Things to Do/FINAL-PAPER-CNIR/05_datasets/wikimedia/thumbnails/File_7_-_panoramio_-_eug.sim_(1).jpg,0.2
~/Documents/My Projects/Things to Do/FINAL-PAPER-CNIR/05_datasets/wikimedia/thumbnails/File_Bucharest_(8272279711).jpg,0.6700772047042847,File:Bucharest (8272279711).jpg,Bucharest (8272279711).jpg,,,,,https://upload.wikimedia.org/wikipedia/commons/thumb/8/86/Bucharest_%288272279711%29.jpg/500px-Bucharest_%288272279711%29.jpg,~/Documents/My Projects/Things to Do/FINAL-PAPER-CNIR/05_datasets/wikimedia/thumbnails/File_Bucharest_(8272279711).jpg,0.2
~/Documents/My Projects/Things to Do/FINAL-PAPER-CNIR/05_datasets/wikimedia/thumbnails/File_Bucharest_-_buildings.jpg,1.052337884902954,File:Bucharest - buildings.jpg,Bucharest - buildings.jpg,,,,,https://upload.wikimedia.org/wikipedia/commons/thumb/0/0f/Bucharest_-_buildings.jpg/500px-Bucharest_-_buildings.jpg,~/Documents/My Projects/Things to Do/FINAL-PAPER-CNIR/05_datasets/wikimedia/thumbnails/File_Bucharest_-_buildings.jpg,0.2
~/Documents/My Projects/Things to Do/FINAL-PAPER-CNIR/05_datasets/wikimedia/thumbnails/File_Aleea_Suter_(14716906225).jpg,0.6153048276901245,File:Aleea Suter (14716906225).jpg,Aleea Suter (14716906225).jpg,,,,,https://upload.wikimedia.org/wikipedia/commons/thumb/6/6f/Aleea_Suter_%2814716906225%29.jpg/500px-Aleea_Suter_%2814716906225%29.jpg,~/Documents/My Projects/Things to Do/FINAL-PAPER-CNIR/05_datasets/wikimedia/thumbnails/File_Aleea_Suter_(14716906225).jpg,0.2
"~/Documents/My Projects/Things to Do/FINAL-PAPER-CNIR/05_datasets/wikimedia/thumbnails/File_Arsenal,_Bukarest_-_Josef_Heu_-_1917.jpg",0.3558840453624725,"File:Arsenal, Bukarest - Josef Heu - 1917.jpg","Arsenal, Bukarest - Josef Heu - 1917.jpg",,,,,https://upload.wikimedia.org/wikipedia/commons/thumb/1/13/Arsenal%2C_Bukarest_-_Josef_Heu_-_1917.jpg/500px-Arsenal%2C_Bukarest_-_Josef_Heu_-_1917.jpg,"~/Documents/My Projects/Things to Do/FINAL-PAPER-CNIR/05_datasets/wikimedia/thumbnails/File_Arsenal,_Bukarest_-_Josef_Heu_-_1917.jpg",0.2
~/Documents/My Projects/Things to Do/FINAL-PAPER-CNIR/05_datasets/wikimedia/thumbnails/File_AleeaAlexandruNr34_(2).JPG,0.7114346623420715,File:AleeaAlexandruNr34 (2).JPG,AleeaAlexandruNr34 (2).JPG,,,,,https://upload.wikimedia.org/wikipedia/commons/thumb/c/c3/AleeaAlexandruNr34_%282%29.JPG/500px-AleeaAlexandruNr34_%282%29.JPG,~/Documents/My Projects/Things to Do/FINAL-PAPER-CNIR/05_datasets/wikimedia/thumbnails/File_AleeaAlexandruNr34_(2).JPG,0.2
~/Documents/My Projects/Things to Do/FINAL-PAPER-CNIR/05_datasets/wikimedia/thumbnails/File_Conservarea_patrimoniului_arhitectonic_-_Heritage_Preservation_in_Bucharest_-_horror_(5033934440).jpg,0.9230214953422546,"File:""Conservarea"" patrimoniului arhitectonic - Heritage ""Preservation"" in Bucharest - horror (5033934440).jpg","""Conservarea"" patrimoniului arhitectonic - Heritage ""Preservation"" in Bucharest - horror (5033934440).jpg",,,,,https://upload.wikimedia.org/wikipedia/commons/thumb/2/27/%22Conservarea%22_patrimoniului_arhitectonic_-_Heritage_%22Preservation%22_in_Bucharest_-_horror_%285033934440%29.jpg/500px-%22Conservarea%22_patrimoniului_arhitectonic_-_Heritage_%22Preservation%22_in_Bucharest_-_horror_%285033934440%29.jpg,~/Documents/My Projects/Things to Do/FINAL-PAPER-CNIR/05_datasets/wikimedia/thumbnails/File_Conservarea_patrimoniului_arhitectonic_-_Heritage_Preservation_in_Bucharest_-_horror_(5033934440).jpg,0.2
~/Documents/My Projects/Things to Do/FINAL-PAPER-CNIR/05_datasets/wikimedia/thumbnails/File_AleeaAlexandruNr41.JPG,0.5687210559844971,File:AleeaAlexandruNr41.JPG,AleeaAlexandruNr41.JPG,,,,,https://upload.wikimedia.org/wikipedia/commons/thumb/3/37/AleeaAlexandruNr41.JPG/500px-AleeaAlexandruNr41.JPG,~/Documents/My Projects/Things to Do/FINAL-PAPER-CNIR/05_datasets/wikimedia/thumbnails/File_AleeaAlexandruNr41.JPG,0.2
~/Documents/My Projects/Things to Do/FINAL-PAPER-CNIR/05_datasets/wikimedia/thumbnails/File_Bucarest3012.JPG,0.5979667901992798,File:Bucarest3012.JPG,Bucarest3012.JPG,,,,,https://upload.wikimedia.org/wikipedia/commons/thumb/7/71/Bucarest3012.JPG/500px-Bucarest3012.JPG,~/Documents/My Projects/Things to Do/FINAL-PAPER-CNIR/05_datasets/wikimedia/thumbnails/File_Bucarest3012.JPG,0.2
~/Documents/My Projects/Things to Do/FINAL-PAPER-CNIR/05_datasets/wikimedia/thumbnails/File_Aici_sunt_banii_dumneavoastra_-_panoramio.jpg,0.7467183470726013,File:Aici sunt banii dumneavoastra - panoramio.jpg,Aici sunt banii dumneavoastra - panoramio.jpg,,,,,https://upload.wikimedia.org/wikipedia/commons/thumb/3/3c/Aici_sunt_banii_dumneavoastra_-_panoramio.jpg/500px-Aici_sunt_banii_dumneavoastra_-_panoramio.jpg,~/Documents/My Projects/Things to Do/FINAL-PAPER-CNIR/05_datasets/wikimedia/thumbnails/File_Aici_sunt_banii_dumneavoastra_-_panoramio.jpg,0.2
~/Documents/My Projects/Things to Do/FINAL-PAPER-CNIR/05_datasets/wikimedia/thumbnails/File_Bucarest3003.JPG,0.663179337978363,File:Bucarest3003.JPG,Bucarest3003.JPG,,,,,https://upload.wikimedia.org/wikipedia/commons/thumb/b/bd/Bucarest3003.JPG/500px-Bucarest3003.JPG,~/Documents/My Projects/Things to Do/FINAL-PAPER-CNIR/05_datasets/wikimedia/thumbnails/File_Bucarest3003.JPG,0.2
~/Documents/My Projects/Things to Do/FINAL-PAPER-CNIR/05_datasets/wikimedia/thumbnails/File_Bucharest_-_car_park.jpg,0.9000654220581055,File:Bucharest - car park.jpg,Bucharest - car park.jpg,,,,,https://upload.wikimedia.org/wikipedia/commons/thumb/0/04/Bucharest_-_car_park.jpg/500px-Bucharest_-_car_park.jpg,~/Documents/My Projects/Things to Do/FINAL-PAPER-CNIR/05_datasets/wikimedia/thumbnails/File_Bucharest_-_car_park.jpg,0.2
~/Documents/My Projects/Things to Do/FINAL-PAPER-CNIR/05_datasets/wikimedia/thumbnails/File_AleeaAlexandruNr34.JPG,0.6484741568565369,File:AleeaAlexandruNr34.JPG,AleeaAlexandruNr34.JPG,,,,,https://upload.wikimedia.org/wikipedia/commons/thumb/0/0b/AleeaAlexandruNr34.JPG/500px-AleeaAlexandruNr34.JPG,~/Documents/My Projects/Things to Do/FINAL-PAPER-CNIR/05_datasets/wikimedia/thumbnails/File_AleeaAlexandruNr34.JPG,0.2
~/Documents/My Projects/Things to Do/FINAL-PAPER-CNIR/05_datasets/wikimedia/thumbnails/File_Bucharest_-_north_corner_of_B-dul_Hristo_Botev_and_Calea_Moșilor.jpg,0.5350710153579712,File:Bucharest - north corner of B-dul Hristo Botev and Calea Moșilor.jpg,Bucharest - north corner of B-dul Hristo Botev and Calea Moșilor.jpg,,,,,https://upload.wikimedia.org/wikipedia/commons/thumb/f/f4/Bucharest_-_north_corner_of_B-dul_Hristo_Botev_and_Calea_Mo%C8%99ilor.jpg/500px-Bucharest_-_north_corner_of_B-dul_Hristo_Botev_and_Calea_Mo%C8%99ilor.jpg,~/Documents/My Projects/Things to Do/FINAL-PAPER-CNIR/05_datasets/wikimedia/thumbnails/File_Bucharest_-_north_corner_of_B-dul_Hristo_Botev_and_Calea_Moșilor.jpg,0.2
~/Documents/My Projects/Things to Do/FINAL-PAPER-CNIR/05_datasets/wikimedia/thumbnails/File_Arhitektura_rumunjskog_glavnog_grada_Bukurešta.jpg,0.5489664673805237,File:Arhitektura rumunjskog glavnog grada Bukurešta.jpg,Arhitektura rumunjskog glavnog grada Bukurešta.jpg,,,,,https://upload.wikimedia.org/wikipedia/commons/thumb/0/0c/Arhitektura_rumunjskog_glavnog_grada_Bukure%C5%A1ta.jpg/500px-Arhitektura_rumunjskog_glavnog_grada_Bukure%C5%A1ta.jpg,~/Documents/My Projects/Things to Do/FINAL-PAPER-CNIR/05_datasets/wikimedia/thumbnails/File_Arhitektura_rumunjskog_glavnog_grada_Bukurešta.jpg,0.2
~/Documents/My Projects/Things to Do/FINAL-PAPER-CNIR/05_datasets/wikimedia/thumbnails/File_20140820_București_100.jpg,0.9835972785949708,File:20140820 București 100.jpg,20140820 București 100.jpg,,,,,https://upload.wikimedia.org/wikipedia/commons/thumb/9/99/20140820_Bucure%C8%99ti_100.jpg/500px-20140820_Bucure%C8%99ti_100.jpg,~/Documents/My Projects/Things to Do/FINAL-PAPER-CNIR/05_datasets/wikimedia/thumbnails/File_20140820_București_100.jpg,0.2
~/Documents/My Projects/Things to Do/FINAL-PAPER-CNIR/05_datasets/wikimedia/thumbnails/File_Arhitektura_Bukurešta.jpg,1.064570665359497,File:Arhitektura Bukurešta.jpg,Arhitektura Bukurešta.jpg,,,,,https://upload.wikimedia.org/wikipedia/commons/thumb/7/7e/Arhitektura_Bukure%C5%A1ta.jpg/500px-Arhitektura_Bukure%C5%A1ta.jpg,~/Documents/My Projects/Things to Do/FINAL-PAPER-CNIR/05_datasets/wikimedia/thumbnails/File_Arhitektura_Bukurešta.jpg,0.2
~/Documents/My Projects/Things to Do/FINAL-PAPER-CNIR/05_datasets/wikimedia/thumbnails/File_20140702_Bucureşti_149.jpg,0.8477808237075806,File:20140702 Bucureşti 149.jpg,20140702 Bucureşti 149.jpg,,,,,https://upload.wikimedia.org/wikipedia/commons/thumb/4/45/20140702_Bucure%C5%9Fti_149.jpg/500px-20140702_Bucure%C5%9Fti_149.jpg,~/Documents/My Projects/Things to Do/FINAL-PAPER-CNIR/05_datasets/wikimedia/thumbnails/File_20140702_Bucureşti_149.jpg,0.2
~/Documents/My Projects/Things to Do/FINAL-PAPER-CNIR/05_datasets/wikimedia/thumbnails/File_1-Raul_Mara_-_panoramio.jpg,0.9244967699050904,File:1-Raul Mara - panoramio.jpg,1-Raul Mara - panoramio.jpg,,,,,https://upload.wikimedia.org/wikipedia/commons/thumb/f/fd/1-Raul_Mara_-_panoramio.jpg/500px-1-Raul_Mara_-_panoramio.jpg,~/Documents/My Projects/Things to Do/FINAL-PAPER-CNIR/05_datasets/wikimedia/thumbnails/File_1-Raul_Mara_-_panoramio.jpg,0.2
~/Documents/My Projects/Things to Do/FINAL-PAPER-CNIR/05_datasets/wikimedia/thumbnails/File_Bucarest3016.jpg,0.4409365355968475,File:Bucarest3016.jpg,Bucarest3016.jpg,,,,,https://upload.wikimedia.org/wikipedia/commons/thumb/f/fe/Bucarest3016.jpg/500px-Bucarest3016.jpg,~/Documents/My Projects/Things to Do/FINAL-PAPER-CNIR/05_datasets/wikimedia/thumbnails/File_Bucarest3016.jpg,0.2
~/Documents/My Projects/Things to Do/FINAL-PAPER-CNIR/05_datasets/wikimedia/thumbnails/File_Bucharest_-_Dec_2014_-_Strada_Italiana_01.jpg,1.1652204990386963,File:Bucharest - Dec 2014 - Strada Italiana 01.jpg,Bucharest - Dec 2014 - Strada Italiana 01.jpg,,,,,https://upload.wikimedia.org/wikipedia/commons/thumb/0/0e/Bucharest_-_Dec_2014_-_Strada_Italiana_01.jpg/500px-Bucharest_-_Dec_2014_-_Strada_Italiana_01.jpg,~/Documents/My Projects/Things to Do/FINAL-PAPER-CNIR/05_datasets/wikimedia/thumbnails/File_Bucharest_-_Dec_2014_-_Strada_Italiana_01.jpg,0.2
~/Documents/My Projects/Things to Do/FINAL-PAPER-CNIR/05_datasets/wikimedia/thumbnails/File_AleeaAlexandruNr22.JPG,0.8961480259895325,File:AleeaAlexandruNr22.JPG,AleeaAlexandruNr22.JPG,,,,,https://upload.wikimedia.org/wikipedia/commons/thumb/d/dd/AleeaAlexandruNr22.JPG/500px-AleeaAlexandruNr22.JPG,~/Documents/My Projects/Things to Do/FINAL-PAPER-CNIR/05_datasets/wikimedia/thumbnails/File_AleeaAlexandruNr22.JPG,0.2
~/Documents/My Projects/Things to Do/FINAL-PAPER-CNIR/05_datasets/wikimedia/thumbnails/File_Bucharest_-_34A_Strada_Lizeanu.jpg,0.8898869752883911,File:Bucharest - 34A Strada Lizeanu.jpg,Bucharest - 34A Strada Lizeanu.jpg,,,,,https://upload.wikimedia.org/wikipedia/commons/thumb/e/ed/Bucharest_-_34A_Strada_Lizeanu.jpg/500px-Bucharest_-_34A_Strada_Lizeanu.jpg,~/Documents/My Projects/Things to Do/FINAL-PAPER-CNIR/05_datasets/wikimedia/thumbnails/File_Bucharest_-_34A_Strada_Lizeanu.jpg,0.2
~/Documents/My Projects/Things to Do/FINAL-PAPER-CNIR/05_datasets/wikimedia/thumbnails/File_Arhitektura_rumunjske_metropole_Bukurešta.jpg,1.2509769201278689,File:Arhitektura rumunjske metropole Bukurešta.jpg,Arhitektura rumunjske metropole Bukurešta.jpg,,,,,https://upload.wikimedia.org/wikipedia/commons/thumb/8/80/Arhitektura_rumunjske_metropole_Bukure%C5%A1ta.jpg/500px-Arhitektura_rumunjske_metropole_Bukure%C5%A1ta.jpg,~/Documents/My Projects/Things to Do/FINAL-PAPER-CNIR/05_datasets/wikimedia/thumbnails/File_Arhitektura_rumunjske_metropole_Bukurešta.jpg,0.2
~/Documents/My Projects/Things to Do/FINAL-PAPER-CNIR/05_datasets/wikimedia/thumbnails/File_Bucarest2590.JPG,0.3381481170654297,File:Bucarest2590.JPG,Bucarest2590.JPG,,,,,https://upload.wikimedia.org/wikipedia/commons/thumb/b/b0/Bucarest2590.JPG/500px-Bucarest2590.JPG,~/Documents/My Projects/Things to Do/FINAL-PAPER-CNIR/05_datasets/wikimedia/thumbnails/File_Bucarest2590.JPG,0.2
~/Documents/My Projects/Things to Do/FINAL-PAPER-CNIR/05_datasets/wikimedia/thumbnails/File_20260523_113146_May_2026_in_Bucharest.jpg,0.8204038143157959,File:20260523 113146 May 2026 in Bucharest.jpg,20260523 113146 May 2026 in Bucharest.jpg,,,,,https://upload.wikimedia.org/wikipedia/commons/thumb/8/83/20260523_113146_May_2026_in_Bucharest.jpg/500px-20260523_113146_May_2026_in_Bucharest.jpg,~/Documents/My Projects/Things to Do/FINAL-PAPER-CNIR/05_datasets/wikimedia/thumbnails/File_20260523_113146_May_2026_in_Bucharest.jpg,0.2
~/Documents/My Projects/Things to Do/FINAL-PAPER-CNIR/05_datasets/wikimedia/thumbnails/File_Bucarest2505.JPG,0.4673711955547333,File:Bucarest2505.JPG,Bucarest2505.JPG,,,,,https://upload.wikimedia.org/wikipedia/commons/thumb/b/b9/Bucarest2505.JPG/500px-Bucarest2505.JPG,~/Documents/My Projects/Things to Do/FINAL-PAPER-CNIR/05_datasets/wikimedia/thumbnails/File_Bucarest2505.JPG,0.2
~/Documents/My Projects/Things to Do/FINAL-PAPER-CNIR/05_datasets/wikimedia/thumbnails/File_20260523_142611_May_2026_in_Bucharest.jpg,0.9025936722755432,File:20260523 142611 May 2026 in Bucharest.jpg,20260523 142611 May 2026 in Bucharest.jpg,,,,,https://upload.wikimedia.org/wikipedia/commons/thumb/7/76/20260523_142611_May_2026_in_Bucharest.jpg/500px-20260523_142611_May_2026_in_Bucharest.jpg,~/Documents/My Projects/Things to Do/FINAL-PAPER-CNIR/05_datasets/wikimedia/thumbnails/File_20260523_142611_May_2026_in_Bucharest.jpg,0.2
