box_no,title,original_title,condition,dimensions,image_url,filename,source,has_metadata
,,,,,,1-1.jpg,tzigara,0
,,,,,,1-10.jpg,tzigara,0
,,,,,,1-12.jpg,tzigara,0
,,,,,,1-14.jpg,tzigara,0
,,,,,,1-15.jpg,tzigara,0
,,,,,,1-16.jpg,tzigara,0
,,,,,,1-17.jpg,tzigara,0
,,,,,,1-2.jpg,tzigara,0
,,,,,,1-20.jpg,tzigara,0
,,,,,,1-21.jpg,tzigara,0
,,,,,,1-22.jpg,tzigara,0
,,,,,,1-25.jpg,tzigara,0
,,,,,,1-26.jpg,tzigara,0
,,,,,,1-27.jpg,tzigara,0
,,,,,,1-28.jpg,tzigara,0
,,,,,,1-30.jpg,tzigara,0
,,,,,,1-33.jpg,tzigara,0
,,,,,,1-34.jpg,tzigara,0
,,,,,,1-35.jpg,tzigara,0
,,,,,,1-36.jpg,tzigara,0
,,,,,,1-37.jpg,tzigara,0
,,,,,,1-39.jpg,tzigara,0
,,,,,,1-40.jpg,tzigara,0
,,,,,,1-41.jpg,tzigara,0
,,,,,,1-43.jpg,tzigara,0
,,,,,,1-44.jpg,tzigara,0
,,,,,,1-45.jpg,tzigara,0
,,,,,,1-46.jpg,tzigara,0
,,,,,,1-48.jpg,tzigara,0
Cutie/nr:1-49,"Biserica de lemn „Cuvioasa Paraschiva” din Ciuperceni(Imagine exterioară – vedere de ansamblu dinspre vest), fotografie",,,7682x5166 px,https://tzigara-samurcas.uauim.ro/static/box/display/01/01-049.jpg,1-49.jpg,tzigara,1
,,,,,,1-5.jpg,tzigara,0
,,,,,,1-50.jpg,tzigara,0
,,,,,,1-52.jpg,tzigara,0
,,,,,,1-53.jpg,tzigara,0
,,,,,,1-54.jpg,tzigara,0
,,,,,,1-56.jpg,tzigara,0
,,,,,,1-57.jpg,tzigara,0
,,,,,,1-6.jpg,tzigara,0
,,,,,,1-60.jpg,tzigara,0
,,,,,,1-61.jpg,tzigara,0
,,,,,,1-62.jpg,tzigara,0
,,,,,,1-64.jpg,tzigara,0
,,,,,,1-65.jpg,tzigara,0
Cutie/nr:1-66,"Cula din Pojogeni (dispărută)(Releveu – secţiune), desen",,,4816x6765 px,https://tzigara-samurcas.uauim.ro/static/box/display/01/01-066.jpg,1-66.jpg,tzigara,1
,,,,,,1-67.jpg,tzigara,0
Cutie/nr:1-69,"Uliţă(Imagine), fotografie",,,8424x5210 px,https://tzigara-samurcas.uauim.ro/static/box/display/01/01-069.jpg,1-69.jpg,tzigara,1
,,,,,,1-7.jpg,tzigara,0
Cutie/nr:1-70,"Poartă ţărănească(Imagine din afara gospodăriei – vedere frontală), fotografie",,,7725x5691 px,https://tzigara-samurcas.uauim.ro/static/box/display/01/01-070.jpg,1-70.jpg,tzigara,1
,,,,,,1-8.jpg,tzigara,0
,,,,,,1-9.jpg,tzigara,0
,,,,,,11-90.jpg,tzigara,0
,,,,,,11-91.jpg,tzigara,0
,,,,,,11-92.jpg,tzigara,0
,,,,,,11-93.jpg,tzigara,0
,,,,,,11-94.jpg,tzigara,0
,,,,,,12-1.jpg,tzigara,0
,,,,,,12-10.jpg,tzigara,0
,,,,,,12-11.jpg,tzigara,0
,,,,,,12-13.jpg,tzigara,0
,,,,,,12-14.jpg,tzigara,0
,,,,,,12-16.jpg,tzigara,0
,,,,,,12-17.jpg,tzigara,0
,,,,,,12-19.jpg,tzigara,0
,,,,,,12-2.jpg,tzigara,0
,,,,,,12-20.jpg,tzigara,0
,,,,,,12-22.jpg,tzigara,0
,,,,,,12-23.jpg,tzigara,0
,,,,,,12-24.jpg,tzigara,0
,,,,,,12-26.jpg,tzigara,0
,,,,,,12-27.jpg,tzigara,0
,,,,,,12-29.jpg,tzigara,0
,,,,,,12-3.jpg,tzigara,0
,,,,,,12-30.jpg,tzigara,0
,,,,,,12-32.jpg,tzigara,0
,,,,,,12-33.jpg,tzigara,0
,,,,,,12-36.jpg,tzigara,0
,,,,,,12-37.jpg,tzigara,0
,,,,,,12-38.jpg,tzigara,0
,,,,,,12-39.jpg,tzigara,0
,,,,,,12-4.jpg,tzigara,0
,,,,,,12-41.jpg,tzigara,0
,,,,,,12-44.jpg,tzigara,0
,,,,,,12-45.jpg,tzigara,0
,,,,,,12-47.jpg,tzigara,0
,,,,,,12-48.jpg,tzigara,0
,,,,,,12-49.jpg,tzigara,0
,,,,,,12-50.jpg,tzigara,0
,,,,,,12-51.jpg,tzigara,0
,,,,,,12-52.jpg,tzigara,0
,,,,,,12-54.jpg,tzigara,0
,,,,,,12-55.jpg,tzigara,0
,,,,,,12-57.jpg,tzigara,0
,,,,,,12-59.jpg,tzigara,0
,,,,,,12-60.jpg,tzigara,0
,,,,,,12-61.jpg,tzigara,0
,,,,,,12-62.jpg,tzigara,0
,,,,,,12-8.jpg,tzigara,0
,,,,,,12-82.jpg,tzigara,0
,,,,,,12-83.jpg,tzigara,0
,,,,,,12-85.jpg,tzigara,0
,,,,,,13-12.jpg,tzigara,0
,,,,,,13-14.jpg,tzigara,0
,,,,,,13-15.jpg,tzigara,0
,,,,,,13-17.jpg,tzigara,0
,,,,,,13-18.jpg,tzigara,0
,,,,,,13-2.jpg,tzigara,0
,,,,,,13-20.jpg,tzigara,0
,,,,,,13-22.jpg,tzigara,0
,,,,,,13-25.jpg,tzigara,0
,,,,,,13-26.jpg,tzigara,0
,,,,,,13-27.jpg,tzigara,0
,,,,,,13-28.jpg,tzigara,0
,,,,,,13-30.jpg,tzigara,0
,,,,,,13-31.jpg,tzigara,0
,,,,,,13-32.jpg,tzigara,0
,,,,,,13-33.jpg,tzigara,0
,,,,,,13-34.jpg,tzigara,0
,,,,,,13-36.jpg,tzigara,0
,,,,,,13-37.jpg,tzigara,0
,,,,,,13-39.jpg,tzigara,0
,,,,,,13-40.jpg,tzigara,0
,,,,,,13-41.jpg,tzigara,0
,,,,,,13-42.jpg,tzigara,0
,,,,,,13-43.jpg,tzigara,0
,,,,,,13-44.jpg,tzigara,0
,,,,,,13-45.jpg,tzigara,0
,,,,,,13-46.jpg,tzigara,0
,,,,,,13-48.jpg,tzigara,0
,,,,,,13-49.jpg,tzigara,0
,,,,,,13-50.jpg,tzigara,0
,,,,,,13-51.jpg,tzigara,0
,,,,,,13-52.jpg,tzigara,0
,,,,,,13-53.jpg,tzigara,0
,,,,,,13-54.jpg,tzigara,0
,,,,,,13-55.jpg,tzigara,0
,,,,,,13-56.jpg,tzigara,0
,,,,,,13-58.jpg,tzigara,0
,,,,,,13-60.jpg,tzigara,0
,,,,,,13-61.jpg,tzigara,0
,,,,,,13-62.jpg,tzigara,0
,,,,,,13-64.jpg,tzigara,0
Cutie/nr:13-67,"Biserica de lemn „Sf Dumitru”, „Adormirea Maicii Domnului” din Corneşti(Imagine exterioară – vedere de ansamblu dinspre nord-vest), fotografie",,,5516x6329 px,https://tzigara-samurcas.uauim.ro/static/box/display/13/13-067.jpg,13-67.jpg,tzigara,1
,,,,,,13-68.jpg,tzigara,0
,,,,,,13-7.jpg,tzigara,0
,,,,,,13-70.jpg,tzigara,0
,,,,,,13-71.jpg,tzigara,0
,,,,,,13-72.jpg,tzigara,0
,,,,,,13-73.jpg,tzigara,0
,,,,,,13-74.jpg,tzigara,0
,,,,,,13-75.jpg,tzigara,0
,,,,,,13-80.jpg,tzigara,0
,,,,,,13-82.jpg,tzigara,0
Cutie/nr:13-83,"Biserica „Intrarea în Biserică” a Mănăstirii Lainici(Imagine exterioară – vedere de ansamblu dinspre sud-vest), fotografie",,,5779x6809 px,https://tzigara-samurcas.uauim.ro/static/box/display/13/13-083.jpg,13-83.jpg,tzigara,1
Cutie/nr:13-85,"Mănăstirea Lainici(Imagine din exteriorul ansamblului – vedere dinspre sud-vest), fotografie",,,8118x6042 px,https://tzigara-samurcas.uauim.ro/static/box/display/13/13-085.jpg,13-85.jpg,tzigara,1
Cutie/nr:13-86,"Biserica „Intrarea în Biserică” a Mănăstirii Lainici(Imagine exterioară – vedere dinspre sud), fotografie",,,5735x7638 px,https://tzigara-samurcas.uauim.ro/static/box/display/13/13-086.jpg,13-86.jpg,tzigara,1
Cutie/nr:13-87,"Biserica „Intrarea în Biserică” a Mănăstirii Lainici(Imagine exterioară – vedere dinspre sud-vest), fotografie",,,5254x5936 px,https://tzigara-samurcas.uauim.ro/static/box/display/13/13-087.jpg,13-87.jpg,tzigara,1
,,,,,,13-89.jpg,tzigara,0
,,,,,,13-90.jpg,tzigara,0
,,,,,,14-1.jpg,tzigara,0
,,,,,,14-11.jpg,tzigara,0
,,,,,,14-13.jpg,tzigara,0
,,,,,,14-14.jpg,tzigara,0
,,,,,,14-15.jpg,tzigara,0
,,,,,,14-16.jpg,tzigara,0
,,,,,,14-17.jpg,tzigara,0
,,,,,,14-18.jpg,tzigara,0
,,,,,,14-19.jpg,tzigara,0
,,,,,,14-2.jpg,tzigara,0
,,,,,,14-20.jpg,tzigara,0
,,,,,,14-21.jpg,tzigara,0
,,,,,,14-22.jpg,tzigara,0
,,,,,,14-24.jpg,tzigara,0
,,,,,,14-26.jpg,tzigara,0
,,,,,,14-28.jpg,tzigara,0
,,,,,,14-3.jpg,tzigara,0
,,,,,,14-30.jpg,tzigara,0
,,,,,,14-31.jpg,tzigara,0
,,,,,,14-32.jpg,tzigara,0
,,,,,,14-34.jpg,tzigara,0
,,,,,,14-36.jpg,tzigara,0
,,,,,,14-37.jpg,tzigara,0
,,,,,,14-39.jpg,tzigara,0
,,,,,,14-4.jpg,tzigara,0
,,,,,,14-40.jpg,tzigara,0
,,,,,,14-42.jpg,tzigara,0
,,,,,,14-44.jpg,tzigara,0
,,,,,,14-45.jpg,tzigara,0
Cutie/nr:14-46,"Biserica „Adormirea Maicii Domnului” a Mănăstirii Polovragi(Imagine interioară – fragment din tabloul votiv), fotografie",,,4744x6639 px,https://tzigara-samurcas.uauim.ro/static/box/display/14/14-046.jpg,14-46.jpg,tzigara,1
,,,,,,14-49.jpg,tzigara,0
,,,,,,14-5.jpg,tzigara,0
Cutie/nr:14-50,"Biserica „Adormirea Maicii Domnului” a Mănăstirii Polovragi(Imagine interioară – fragment din tabloul votiv), fotografie",,,4744x6392 px,https://tzigara-samurcas.uauim.ro/static/box/display/14/14-050.jpg,14-50.jpg,tzigara,1
,,,,,,14-51.jpg,tzigara,0
,,,,,,14-52.jpg,tzigara,0
,,,,,,14-53.jpg,tzigara,0
,,,,,,14-54.jpg,tzigara,0
,,,,,,14-55.jpg,tzigara,0
,,,,,,14-56.jpg,tzigara,0
,,,,,,14-57.jpg,tzigara,0
,,,,,,14-58.jpg,tzigara,0
,,,,,,14-59.jpg,tzigara,0
,,,,,,14-6.jpg,tzigara,0
,,,,,,14-60.jpg,tzigara,0
,,,,,,14-61.jpg,tzigara,0
,,,,,,14-62.jpg,tzigara,0
,,,,,,14-64.jpg,tzigara,0
,,,,,,14-65.jpg,tzigara,0
,,,,,,14-67.jpg,tzigara,0
,,,,,,14-68.jpg,tzigara,0
,,,,,,14-70.jpg,tzigara,0
,,,,,,14-73.jpg,tzigara,0
,,,,,,14-74.jpg,tzigara,0
,,,,,,14-75.jpg,tzigara,0
,,,,,,14-78.jpg,tzigara,0
,,,,,,14-79.jpg,tzigara,0
,,,,,,14-8.jpg,tzigara,0
Cutie/nr:14-80,"Ansamblul Schitului Crasna(Poartă), fotografie",,,5276x6957 px,https://tzigara-samurcas.uauim.ro/static/box/display/14/14-080.jpg,14-80.jpg,tzigara,1
Cutie/nr:14-81,"Biserica „Sf. Nicolae” a Mănăstirii Crasna(Imagine interioară – frescă – Jupân Ion Ţundrea, Kristina Ilinca şi copiii), fotografie",,,5240x7134 px,https://tzigara-samurcas.uauim.ro/static/box/display/14/14-081.jpg,14-81.jpg,tzigara,1
,,,,,,14-82.jpg,tzigara,0
,,,,,,14-83.jpg,tzigara,0
,,,,,,14-84.jpg,tzigara,0
,,,,,,14-85.jpg,tzigara,0
,,,,,,14-86.jpg,tzigara,0
,,,,,,14-87.jpg,tzigara,0
,,,,,,14-88.jpg,tzigara,0
,,,,,,14-89.jpg,tzigara,0
,,,,,,14-9.jpg,tzigara,0
,,,,,,14-90.jpg,tzigara,0
,,,,,,14-91.jpg,tzigara,0
,,,,,,14-92.jpg,tzigara,0
,,,,,,14-93.jpg,tzigara,0
,,,,,,15-1.jpg,tzigara,0
,,,,,,15-10.jpg,tzigara,0
,,,,,,15-101.jpg,tzigara,0
,,,,,,15-112.jpg,tzigara,0
,,,,,,15-12.jpg,tzigara,0
,,,,,,15-13.jpg,tzigara,0
,,,,,,15-14.jpg,tzigara,0
,,,,,,15-16.jpg,tzigara,0
,,,,,,15-17.jpg,tzigara,0
,,,,,,15-19.jpg,tzigara,0
,,,,,,15-2.jpg,tzigara,0
,,,,,,15-21.jpg,tzigara,0
,,,,,,15-24.jpg,tzigara,0
,,,,,,15-25.jpg,tzigara,0
,,,,,,15-26.jpg,tzigara,0
,,,,,,15-27.jpg,tzigara,0
,,,,,,15-3.jpg,tzigara,0
,,,,,,15-31.jpg,tzigara,0
,,,,,,15-32.jpg,tzigara,0
,,,,,,15-35.jpg,tzigara,0
,,,,,,15-36.jpg,tzigara,0
,,,,,,15-38.jpg,tzigara,0
,,,,,,15-39.jpg,tzigara,0
,,,,,,15-40.jpg,tzigara,0
,,,,,,15-41.jpg,tzigara,0
,,,,,,15-42.jpg,tzigara,0
,,,,,,15-49.jpg,tzigara,0
,,,,,,15-50.jpg,tzigara,0
,,,,,,15-52.jpg,tzigara,0
,,,,,,15-53.jpg,tzigara,0
,,,,,,15-54.jpg,tzigara,0
,,,,,,15-55.jpg,tzigara,0
,,,,,,15-57.jpg,tzigara,0
,,,,,,15-58.jpg,tzigara,0
,,,,,,15-59.jpg,tzigara,0
,,,,,,15-6.jpg,tzigara,0
,,,,,,15-61.jpg,tzigara,0
,,,,,,15-63.jpg,tzigara,0
,,,,,,15-64.jpg,tzigara,0
,,,,,,15-65.jpg,tzigara,0
,,,,,,15-66.jpg,tzigara,0
,,,,,,15-67.jpg,tzigara,0
,,,,,,15-68.jpg,tzigara,0
,,,,,,15-69.jpg,tzigara,0
,,,,,,15-7.jpg,tzigara,0
,,,,,,15-70.jpg,tzigara,0
,,,,,,15-71.jpg,tzigara,0
,,,,,,15-72.jpg,tzigara,0
,,,,,,15-73.jpg,tzigara,0
,,,,,,15-74.jpg,tzigara,0
,,,,,,15-75.jpg,tzigara,0
,,,,,,15-76.jpg,tzigara,0
,,,,,,15-77.jpg,tzigara,0
,,,,,,15-78.jpg,tzigara,0
,,,,,,15-79.jpg,tzigara,0
,,,,,,15-8.jpg,tzigara,0
,,,,,,15-80.jpg,tzigara,0
,,,,,,15-81.jpg,tzigara,0
,,,,,,15-82.jpg,tzigara,0
,,,,,,15-83.jpg,tzigara,0
,,,,,,15-84.jpg,tzigara,0
,,,,,,15-85.jpg,tzigara,0
,,,,,,15-86.jpg,tzigara,0
,,,,,,15-87.jpg,tzigara,0
,,,,,,15-88.jpg,tzigara,0
,,,,,,15-89.jpg,tzigara,0
,,,,,,15-9.jpg,tzigara,0
,,,,,,15-90.jpg,tzigara,0
,,,,,,15-91.jpg,tzigara,0
,,,,,,15-92.jpg,tzigara,0
,,,,,,15-93.jpg,tzigara,0
,,,,,,15-94.jpg,tzigara,0
,,,,,,15-95.jpg,tzigara,0
,,,,,,15-96.jpg,tzigara,0
,,,,,,15-98.jpg,tzigara,0
,,,,,,16-10.jpg,tzigara,0
,,,,,,16-12.jpg,tzigara,0
,,,,,,16-13.jpg,tzigara,0
,,,,,,16-14.jpg,tzigara,0
,,,,,,16-15.jpg,tzigara,0
,,,,,,16-16.jpg,tzigara,0
,,,,,,16-17.jpg,tzigara,0
,,,,,,16-18.jpg,tzigara,0
,,,,,,16-19.jpg,tzigara,0
,,,,,,16-2.jpg,tzigara,0
,,,,,,16-20.jpg,tzigara,0
,,,,,,16-21.jpg,tzigara,0
,,,,,,16-22.jpg,tzigara,0
,,,,,,16-23.jpg,tzigara,0
,,,,,,16-26.jpg,tzigara,0
,,,,,,16-27.jpg,tzigara,0
,,,,,,16-28.jpg,tzigara,0
,,,,,,16-29.jpg,tzigara,0
,,,,,,16-3.jpg,tzigara,0
,,,,,,16-30.jpg,tzigara,0
,,,,,,16-32.jpg,tzigara,0
,,,,,,16-34.jpg,tzigara,0
,,,,,,16-35.jpg,tzigara,0
,,,,,,16-36.jpg,tzigara,0
,,,,,,16-4.jpg,tzigara,0
,,,,,,16-40.jpg,tzigara,0
,,,,,,16-44.jpg,tzigara,0
,,,,,,16-45.jpg,tzigara,0
,,,,,,16-47.jpg,tzigara,0
,,,,,,16-48.jpg,tzigara,0
,,,,,,16-49.jpg,tzigara,0
,,,,,,16-5.jpg,tzigara,0
,,,,,,16-50.jpg,tzigara,0
,,,,,,16-51.jpg,tzigara,0
,,,,,,16-52.jpg,tzigara,0
,,,,,,16-54.jpg,tzigara,0
,,,,,,16-55.jpg,tzigara,0
,,,,,,16-56.jpg,tzigara,0
,,,,,,16-57.jpg,tzigara,0
,,,,,,16-59.jpg,tzigara,0
,,,,,,16-6.jpg,tzigara,0
,,,,,,16-61.jpg,tzigara,0
,,,,,,16-62.jpg,tzigara,0
,,,,,,16-63.jpg,tzigara,0
,,,,,,16-64.jpg,tzigara,0
,,,,,,16-67.jpg,tzigara,0
,,,,,,16-69.jpg,tzigara,0
,,,,,,16-7.jpg,tzigara,0
,,,,,,16-71.jpg,tzigara,0
,,,,,,16-72.jpg,tzigara,0
,,,,,,16-73.jpg,tzigara,0
,,,,,,16-74.jpg,tzigara,0
,,,,,,16-75.jpg,tzigara,0
,,,,,,16-76.jpg,tzigara,0
,,,,,,16-77.jpg,tzigara,0
,,,,,,16-78.jpg,tzigara,0
,,,,,,16-79.jpg,tzigara,0
,,,,,,16-8.jpg,tzigara,0
,,,,,,16-80.jpg,tzigara,0
,,,,,,16-81.jpg,tzigara,0
,,,,,,16-82.jpg,tzigara,0
,,,,,,16-83.jpg,tzigara,0
,,,,,,16-86.jpg,tzigara,0
,,,,,,16-87.jpg,tzigara,0
,,,,,,16-89.jpg,tzigara,0
,,,,,,16-9.jpg,tzigara,0
,,,,,,16-90.jpg,tzigara,0
,,,,,,16-91.jpg,tzigara,0
,,,,,,16-92.jpg,tzigara,0
,,,,,,16-93.jpg,tzigara,0
,,,,,,16-94.jpg,tzigara,0
,,,,,,16-95.jpg,tzigara,0
,,,,,,16-96.jpg,tzigara,0
,,,,,,16-97.jpg,tzigara,0
,,,,,,16-98.jpg,tzigara,0
,,,,,,16-99.jpg,tzigara,0
,,,,,,17-1.jpg,tzigara,0
,,,,,,17-10.jpg,tzigara,0
,,,,,,17-12.jpg,tzigara,0
,,,,,,17-14.jpg,tzigara,0
,,,,,,17-15.jpg,tzigara,0
,,,,,,17-16.jpg,tzigara,0
,,,,,,17-17.jpg,tzigara,0
,,,,,,17-19.jpg,tzigara,0
,,,,,,17-2.jpg,tzigara,0
,,,,,,17-20.jpg,tzigara,0
,,,,,,17-21.jpg,tzigara,0
,,,,,,17-22.jpg,tzigara,0
,,,,,,17-24.jpg,tzigara,0
,,,,,,17-25.jpg,tzigara,0
,,,,,,17-26.jpg,tzigara,0
,,,,,,17-29.jpg,tzigara,0
,,,,,,17-30.jpg,tzigara,0
,,,,,,17-32.jpg,tzigara,0
,,,,,,17-33.jpg,tzigara,0
,,,,,,17-34.jpg,tzigara,0
,,,,,,17-35.jpg,tzigara,0
,,,,,,17-38.jpg,tzigara,0
,,,,,,17-39.jpg,tzigara,0
,,,,,,17-40.jpg,tzigara,0
,,,,,,17-43.jpg,tzigara,0
,,,,,,17-47.jpg,tzigara,0
,,,,,,17-51.jpg,tzigara,0
,,,,,,17-52.jpg,tzigara,0
,,,,,,17-53.jpg,tzigara,0
,,,,,,17-54.jpg,tzigara,0
,,,,,,17-55.jpg,tzigara,0
,,,,,,17-57.jpg,tzigara,0
,,,,,,17-58.jpg,tzigara,0
,,,,,,17-59.jpg,tzigara,0
,,,,,,17-60.jpg,tzigara,0
,,,,,,17-61.jpg,tzigara,0
,,,,,,17-62.jpg,tzigara,0
,,,,,,17-64.jpg,tzigara,0
,,,,,,17-66.jpg,tzigara,0
,,,,,,17-68.jpg,tzigara,0
,,,,,,17-7.jpg,tzigara,0
,,,,,,17-8.jpg,tzigara,0
,,,,,,17-86.jpg,tzigara,0
,,,,,,18-24.jpg,tzigara,0
,,,,,,18-25.jpg,tzigara,0
,,,,,,18-35.jpg,tzigara,0
,,,,,,18-36.jpg,tzigara,0
,,,,,,18-37.jpg,tzigara,0
,,,,,,18-38.jpg,tzigara,0
,,,,,,18-39.jpg,tzigara,0
,,,,,,18-40.jpg,tzigara,0
,,,,,,18-41.jpg,tzigara,0
,,,,,,18-42.jpg,tzigara,0
,,,,,,18-43.jpg,tzigara,0
,,,,,,18-44.jpg,tzigara,0
,,,,,,18-45.jpg,tzigara,0
,,,,,,18-48.jpg,tzigara,0
,,,,,,18-49.jpg,tzigara,0
,,,,,,18-50.jpg,tzigara,0
,,,,,,18-51.jpg,tzigara,0
,,,,,,18-52.jpg,tzigara,0
,,,,,,18-54.jpg,tzigara,0
Cutie/nr:18-56,"Cula din Groşerea(Imagine exterioară), fotografie",,,5736x6851 px,https://tzigara-samurcas.uauim.ro/static/box/display/18/18-056.jpg,18-56.jpg,tzigara,1
,,,,,,18-59.jpg,tzigara,0
,,,,,,18-61.jpg,tzigara,0
,,,,,,18-62.jpg,tzigara,0
,,,,,,18-63.jpg,tzigara,0
,,,,,,18-64.jpg,tzigara,0
,,,,,,18-65.jpg,tzigara,0
,,,,,,18-66.jpg,tzigara,0
,,,,,,18-67.jpg,tzigara,0
Cutie/nr:18-68,"Casa meşterului Antonie Mogoş(În varianta reinstalată la Muzeul de Etnografie şi Artă Naţională (Bucureşti)), fotografie",,,7063x4603 px,https://tzigara-samurcas.uauim.ro/static/box/display/18/18-068.jpg,18-68.jpg,tzigara,1
,,,,,,18-69.jpg,tzigara,0
,,,,,,18-70.jpg,tzigara,0
,,,,,,18-71.jpg,tzigara,0
,,,,,,18-72.jpg,tzigara,0
,,,,,,18-74.jpg,tzigara,0
,,,,,,18-75.jpg,tzigara,0
,,,,,,18-79.jpg,tzigara,0
,,,,,,18-80.jpg,tzigara,0
,,,,,,18-81.jpg,tzigara,0
,,,,,,18-82.jpg,tzigara,0
,,,,,,18-83.jpg,tzigara,0
,,,,,,18-84.jpg,tzigara,0
,,,,,,18-85.jpg,tzigara,0
,,,,,,18-89.jpg,tzigara,0
,,,,,,18-90.jpg,tzigara,0
,,,,,,19-1.jpg,tzigara,0
,,,,,,19-29.jpg,tzigara,0
,,,,,,19-3.jpg,tzigara,0
,,,,,,19-38.jpg,tzigara,0
,,,,,,19-39.jpg,tzigara,0
,,,,,,19-4.jpg,tzigara,0
,,,,,,19-43.jpg,tzigara,0
,,,,,,19-67.jpg,tzigara,0
,,,,,,19-7.jpg,tzigara,0
,,,,,,19-81.jpg,tzigara,0
,,,,,,19-82.jpg,tzigara,0
,,,,,,19-83.jpg,tzigara,0
,,,,,,19-85.jpg,tzigara,0
,,,,,,19-93.jpg,tzigara,0
,,,,,,20-146.jpg,tzigara,0
,,,,,,8-100.jpg,tzigara,0
,,,,,,8-105.jpg,tzigara,0
,,,,,,8-107.jpg,tzigara,0
,,,,,,8-109.jpg,tzigara,0
,,,,,,8-111.jpg,tzigara,0
,,,,,,8-112.jpg,tzigara,0
,,,,,,8-113.jpg,tzigara,0
,,,,,,8-114.jpg,tzigara,0
,,,,,,8-115.jpg,tzigara,0
,,,,,,8-116.jpg,tzigara,0
,,,,,,8-63.jpg,tzigara,0
,,,,,,8-64.jpg,tzigara,0
,,,,,,8-65.jpg,tzigara,0
,,,,,,8-66.jpg,tzigara,0
,,,,,,8-67.jpg,tzigara,0
,,,,,,8-68.jpg,tzigara,0
,,,,,,8-69.jpg,tzigara,0
,,,,,,8-70.jpg,tzigara,0
,,,,,,8-71.jpg,tzigara,0
Cutie/nr:8-72,"Casa meşterului Antonie Mogoş(Imagine exterioară – vedere de ansamblu), desen",,,6329x4465 px,https://tzigara-samurcas.uauim.ro/static/box/display/08/08-072.jpg,8-72.jpg,tzigara,1
Cutie/nr:8-73,"Meşterul Antonie Mogoş(Portret), fotografie",,,4947x6067 px,https://tzigara-samurcas.uauim.ro/static/box/display/08/08-073.jpg,8-73.jpg,tzigara,1
Cutie/nr:8-75,"Casa meşterului Antonie Mogoş(În varianta reinstalată la Muzeul de Etnografie şi Artă Naţională (Bucureşti)), fotografie",,,7333x5035 px,https://tzigara-samurcas.uauim.ro/static/box/display/08/08-075.jpg,8-75.jpg,tzigara,1
Cutie/nr:8-77,"Casa meşterului Antonie Mogoş(Releveu – plan), desen",,,7114x5210 px,https://tzigara-samurcas.uauim.ro/static/box/display/08/08-077.jpg,8-77.jpg,tzigara,1
,,,,,,8-78.jpg,tzigara,0
,,,,,,8-79.jpg,tzigara,0
,,,,,,8-81.jpg,tzigara,0
,,,,,,8-82.jpg,tzigara,0
Cutie/nr:8-84,"Cula din Groşerea(Imagine exterioară), fotografie",,,7682x5823 px,https://tzigara-samurcas.uauim.ro/static/box/display/08/08-084.jpg,8-84.jpg,tzigara,1
,,,,,,8-86.jpg,tzigara,0
,,,,,,8-87.jpg,tzigara,0
,,,,,,8-88.jpg,tzigara,0
,,,,,,8-89.jpg,tzigara,0
,,,,,,8-90.jpg,tzigara,0
,,,,,,8-91.jpg,tzigara,0
,,,,,,8-92.jpg,tzigara,0
,,,,,,8-93.jpg,tzigara,0
,,,,,,8-94.jpg,tzigara,0
,,,,,,8-95.jpg,tzigara,0
,,,,,,8-96.jpg,tzigara,0
,,,,,,8-97.jpg,tzigara,0
,,,,,,8-98.jpg,tzigara,0
,,,,,,8-99.jpg,tzigara,0
,,,,,,9-10.jpg,tzigara,0
,,,,,,9-100.jpg,tzigara,0
,,,,,,9-102.jpg,tzigara,0
,,,,,,9-104.jpg,tzigara,0
,,,,,,9-12.jpg,tzigara,0
,,,,,,9-14.jpg,tzigara,0
,,,,,,9-15.jpg,tzigara,0
,,,,,,9-16.jpg,tzigara,0
,,,,,,9-18.jpg,tzigara,0
,,,,,,9-19.jpg,tzigara,0
,,,,,,9-21.jpg,tzigara,0
,,,,,,9-23.jpg,tzigara,0
,,,,,,9-24.jpg,tzigara,0
,,,,,,9-25.jpg,tzigara,0
,,,,,,9-26.jpg,tzigara,0
,,,,,,9-27.jpg,tzigara,0
,,,,,,9-29.jpg,tzigara,0
,,,,,,9-30.jpg,tzigara,0
,,,,,,9-31.jpg,tzigara,0
,,,,,,9-32.jpg,tzigara,0
,,,,,,9-33.jpg,tzigara,0
,,,,,,9-34.jpg,tzigara,0
,,,,,,9-35.jpg,tzigara,0
,,,,,,9-36.jpg,tzigara,0
,,,,,,9-37.jpg,tzigara,0
,,,,,,9-4.jpg,tzigara,0
,,,,,,9-40.jpg,tzigara,0
,,,,,,9-42.jpg,tzigara,0
,,,,,,9-44.jpg,tzigara,0
,,,,,,9-46.jpg,tzigara,0
,,,,,,9-48.jpg,tzigara,0
,,,,,,9-5.jpg,tzigara,0
,,,,,,9-50.jpg,tzigara,0
,,,,,,9-51.jpg,tzigara,0
,,,,,,9-52.jpg,tzigara,0
,,,,,,9-53.jpg,tzigara,0
,,,,,,9-54.jpg,tzigara,0
,,,,,,9-56.jpg,tzigara,0
,,,,,,9-6.jpg,tzigara,0
,,,,,,9-7.jpg,tzigara,0
,,,,,,9-9.jpg,tzigara,0
,,,,,,9-92.jpg,tzigara,0
,,,,,,9-95.jpg,tzigara,0
,,,,,,9-96.jpg,tzigara,0
