id,title,description,creator,date,license,image_url,local_path
"File:""Conservarea"" patrimoniului arhitectonic - Heritage ""Preservation"" in Bucharest - horror (5033934440).jpg","""Conservarea"" patrimoniului arhitectonic - Heritage ""Preservation"" in Bucharest - horror (5033934440).jpg",,Babu,,,,"data/wikimedia/thumbnails/File_""Conservarea""_patrimoniului_arhitectonic_-_Heritage_""Preservation""_in_Bucharest_-_horror_(5033934440).jpg.jpg"
File:1-Raul Mara - panoramio.jpg,1-Raul Mara - panoramio.jpg,,Panoramio upload bot,,,,data/wikimedia/thumbnails/File_1-Raul_Mara_-_panoramio.jpg.jpg
File:1timpuri-noivechi.webp,1timpuri-noivechi.webp,,I.zamfir,,,,data/wikimedia/thumbnails/File_1timpuri-noivechi.webp.jpg
File:20140702 Bucureşti 126.jpg,20140702 Bucureşti 126.jpg,,Mark Ahsmann,,,,data/wikimedia/thumbnails/File_20140702_Bucureşti_126.jpg.jpg
File:20140702 Bucureşti 135.jpg,20140702 Bucureşti 135.jpg,,Mark Ahsmann,,,,data/wikimedia/thumbnails/File_20140702_Bucureşti_135.jpg.jpg
File:20140702 Bucureşti 149.jpg,20140702 Bucureşti 149.jpg,,Mark Ahsmann,,,,data/wikimedia/thumbnails/File_20140702_Bucureşti_149.jpg.jpg
File:20140816 București 154.jpg,20140816 București 154.jpg,,Mark Ahsmann,,,,data/wikimedia/thumbnails/File_20140816_București_154.jpg.jpg
File:20140816 București 190.jpg,20140816 București 190.jpg,,Mark Ahsmann,,,,data/wikimedia/thumbnails/File_20140816_București_190.jpg.jpg
File:20140817 București 055.jpg,20140817 București 055.jpg,,Mark Ahsmann,,,,data/wikimedia/thumbnails/File_20140817_București_055.jpg.jpg
File:20140820 București 100.jpg,20140820 București 100.jpg,,Mark Ahsmann,,,,data/wikimedia/thumbnails/File_20140820_București_100.jpg.jpg
File:2017 Academia oamenilor de stiinta.jpg,2017 Academia oamenilor de stiinta.jpg,,Babu,,,,data/wikimedia/thumbnails/File_2017_Academia_oamenilor_de_stiinta.jpg.jpg
File:20260523 113146 May 2026 in Bucharest.jpg,20260523 113146 May 2026 in Bucharest.jpg,,Rakoon,,,,data/wikimedia/thumbnails/File_20260523_113146_May_2026_in_Bucharest.jpg.jpg
File:20260523 142611 May 2026 in Bucharest.jpg,20260523 142611 May 2026 in Bucharest.jpg,,Rakoon,,,,data/wikimedia/thumbnails/File_20260523_142611_May_2026_in_Bucharest.jpg.jpg
File:7 - panoramio - eug.sim (1).jpg,7 - panoramio - eug.sim (1).jpg,,Panoramio upload bot,,,,data/wikimedia/thumbnails/File_7_-_panoramio_-_eug.sim_(1).jpg.jpg
File:Aici sunt banii dumneavoastra - panoramio.jpg,Aici sunt banii dumneavoastra - panoramio.jpg,,Panoramio upload bot,,,,data/wikimedia/thumbnails/File_Aici_sunt_banii_dumneavoastra_-_panoramio.jpg.jpg
File:Aleea Suter (14716906225).jpg,Aleea Suter (14716906225).jpg,,XXN,,,,data/wikimedia/thumbnails/File_Aleea_Suter_(14716906225).jpg.jpg
File:AleeaAlexandruNr22.JPG,AleeaAlexandruNr22.JPG,,Țetcu Mircea Rareș,,,,data/wikimedia/thumbnails/File_AleeaAlexandruNr22.JPG.jpg
File:AleeaAlexandruNr34 (2).JPG,AleeaAlexandruNr34 (2).JPG,,Țetcu Mircea Rareș,,,,data/wikimedia/thumbnails/File_AleeaAlexandruNr34_(2).JPG.jpg
File:AleeaAlexandruNr34.JPG,AleeaAlexandruNr34.JPG,,Țetcu Mircea Rareș,,,,data/wikimedia/thumbnails/File_AleeaAlexandruNr34.JPG.jpg
File:AleeaAlexandruNr40.JPG,AleeaAlexandruNr40.JPG,,Țetcu Mircea Rareș,,,,data/wikimedia/thumbnails/File_AleeaAlexandruNr40.JPG.jpg
File:AleeaAlexandruNr41.JPG,AleeaAlexandruNr41.JPG,,Țetcu Mircea Rareș,,,,data/wikimedia/thumbnails/File_AleeaAlexandruNr41.JPG.jpg
File:AleeaAlexandruNr5.JPG,AleeaAlexandruNr5.JPG,,Țetcu Mircea Rareș,,,,data/wikimedia/thumbnails/File_AleeaAlexandruNr5.JPG.jpg
File:Arhitektura Bukurešta.jpg,Arhitektura Bukurešta.jpg,,August Dominus,,,,data/wikimedia/thumbnails/File_Arhitektura_Bukurešta.jpg.jpg
File:Arhitektura rumunjske metropole Bukurešta.jpg,Arhitektura rumunjske metropole Bukurešta.jpg,,August Dominus,,,,data/wikimedia/thumbnails/File_Arhitektura_rumunjske_metropole_Bukurešta.jpg.jpg
File:Arhitektura rumunjske metropole.jpg,Arhitektura rumunjske metropole.jpg,,August Dominus,,,,data/wikimedia/thumbnails/File_Arhitektura_rumunjske_metropole.jpg.jpg
File:Arhitektura rumunjskog glavnog grada Bukurešta.jpg,Arhitektura rumunjskog glavnog grada Bukurešta.jpg,,August Dominus,,,,data/wikimedia/thumbnails/File_Arhitektura_rumunjskog_glavnog_grada_Bukurešta.jpg.jpg
File:Arhitektura rumunjskog glavnog grada.jpg,Arhitektura rumunjskog glavnog grada.jpg,,August Dominus,,,,data/wikimedia/thumbnails/File_Arhitektura_rumunjskog_glavnog_grada.jpg.jpg
File:Arhitektura rumunjskoga glavnog grada.jpg,Arhitektura rumunjskoga glavnog grada.jpg,,August Dominus,,,,data/wikimedia/thumbnails/File_Arhitektura_rumunjskoga_glavnog_grada.jpg.jpg
"File:Arsenal, Bukarest - Josef Heu - 1917.jpg","Arsenal, Bukarest - Josef Heu - 1917.jpg",,Pigsonthewing,,,,"data/wikimedia/thumbnails/File_Arsenal,_Bukarest_-_Josef_Heu_-_1917.jpg.jpg"
File:Bd. Iancu de Hunedoara - Metropolis Center.jpg,Bd. Iancu de Hunedoara - Metropolis Center.jpg,,Stratoreaper,,,,data/wikimedia/thumbnails/File_Bd._Iancu_de_Hunedoara_-_Metropolis_Center.jpg.jpg
File:Boekarest - verschillende gebouwen.jpg,Boekarest - verschillende gebouwen.jpg,,Hardscarf,,,,data/wikimedia/thumbnails/File_Boekarest_-_verschillende_gebouwen.jpg.jpg
File:Bucarest2505.JPG,Bucarest2505.JPG,,Antomoro,,,,data/wikimedia/thumbnails/File_Bucarest2505.JPG.jpg
File:Bucarest2506.jpg,Bucarest2506.jpg,,Antomoro,,,,data/wikimedia/thumbnails/File_Bucarest2506.jpg.jpg
File:Bucarest2508.JPG,Bucarest2508.JPG,,Antomoro,,,,data/wikimedia/thumbnails/File_Bucarest2508.JPG.jpg
File:Bucarest2590.JPG,Bucarest2590.JPG,,Antomoro,,,,data/wikimedia/thumbnails/File_Bucarest2590.JPG.jpg
File:Bucarest2592.jpg,Bucarest2592.jpg,,Antomoro,,,,data/wikimedia/thumbnails/File_Bucarest2592.jpg.jpg
File:Bucarest2593.JPG,Bucarest2593.JPG,,Antomoro,,,,data/wikimedia/thumbnails/File_Bucarest2593.JPG.jpg
File:Bucarest3003.JPG,Bucarest3003.JPG,,Antomoro,,,,data/wikimedia/thumbnails/File_Bucarest3003.JPG.jpg
File:Bucarest3012.JPG,Bucarest3012.JPG,,Antomoro,,,,data/wikimedia/thumbnails/File_Bucarest3012.JPG.jpg
File:Bucarest3016.jpg,Bucarest3016.jpg,,Antomoro,,,,data/wikimedia/thumbnails/File_Bucarest3016.jpg.jpg
File:Bucharest (8272279711).jpg,Bucharest (8272279711).jpg,,Butko,,,,data/wikimedia/thumbnails/File_Bucharest_(8272279711).jpg.jpg
File:Bucharest - 10 Strada Covaci.jpg,Bucharest - 10 Strada Covaci.jpg,,Jmabel,,,,data/wikimedia/thumbnails/File_Bucharest_-_10_Strada_Covaci.jpg.jpg
File:Bucharest - 132 Strada Vasile Lascăr.jpg,Bucharest - 132 Strada Vasile Lascăr.jpg,,Jmabel,,,,data/wikimedia/thumbnails/File_Bucharest_-_132_Strada_Vasile_Lascăr.jpg.jpg
File:Bucharest - 34A Strada Lizeanu.jpg,Bucharest - 34A Strada Lizeanu.jpg,,Jmabel,,,,data/wikimedia/thumbnails/File_Bucharest_-_34A_Strada_Lizeanu.jpg.jpg
File:Bucharest - buildings.jpg,Bucharest - buildings.jpg,,Kulmalukko,,,,data/wikimedia/thumbnails/File_Bucharest_-_buildings.jpg.jpg
File:Bucharest - car park.jpg,Bucharest - car park.jpg,,Kulmalukko,,,,data/wikimedia/thumbnails/File_Bucharest_-_car_park.jpg.jpg
File:Bucharest - Dec 2014 - Strada Italiana 01.jpg,Bucharest - Dec 2014 - Strada Italiana 01.jpg,,Jmabel,,,,data/wikimedia/thumbnails/File_Bucharest_-_Dec_2014_-_Strada_Italiana_01.jpg.jpg
File:Bucharest - Dâmbovița.jpg,Bucharest - Dâmbovița.jpg,,Kulmalukko,,,,data/wikimedia/thumbnails/File_Bucharest_-_Dâmbovița.jpg.jpg
File:Bucharest - looking west into Strada Luminei across Strada Vasile Lascăr.jpg,Bucharest - looking west into Strada Luminei across Strada Vasile Lascăr.jpg,,Jmabel,,,,data/wikimedia/thumbnails/File_Bucharest_-_looking_west_into_Strada_Luminei_across_Strada_Vasile_Lascăr.jpg.jpg
File:Bucharest - north corner of B-dul Hristo Botev and Calea Moșilor.jpg,Bucharest - north corner of B-dul Hristo Botev and Calea Moșilor.jpg,,Jmabel,,,,data/wikimedia/thumbnails/File_Bucharest_-_north_corner_of_B-dul_Hristo_Botev_and_Calea_Moșilor.jpg.jpg
